date_time,maxtempC,mintempC,totalSnow_cm,sunHour,uvIndex,moon_illumination,moonrise,moonset,sunrise,sunset,DewPointC,FeelsLikeC,HeatIndexC,WindChillC,WindGustKmph,cloudcover,humidity,precipMM,pressure,tempC,visibility,winddirDegree,windspeedKmph,location
2021-11-01 00:00:00,22,13,0.0,8.7,5,24,02:28 AM,03:25 PM,06:13 AM,04:57 PM,8,16,16,16,23,6,61,0.0,1014,16,10,243,15,california
2021-11-01 03:00:00,22,13,0.0,8.7,5,24,02:28 AM,03:25 PM,06:13 AM,04:57 PM,7,13,14,13,20,24,64,0.0,1015,14,10,245,11,california
2021-11-01 06:00:00,22,13,0.0,8.7,5,24,02:28 AM,03:25 PM,06:13 AM,04:57 PM,7,12,13,12,21,31,65,0.0,1015,13,10,240,11,california
2021-11-01 09:00:00,22,13,0.0,8.7,5,24,02:28 AM,03:25 PM,06:13 AM,04:57 PM,6,15,15,15,14,44,57,0.0,1017,15,10,236,9,california
2021-11-01 12:00:00,22,13,0.0,8.7,5,24,02:28 AM,03:25 PM,06:13 AM,04:57 PM,4,20,20,20,13,27,36,0.0,1016,20,10,220,11,california
2021-11-01 15:00:00,22,13,0.0,8.7,5,24,02:28 AM,03:25 PM,06:13 AM,04:57 PM,3,22,23,22,27,47,29,0.0,1014,22,10,234,24,california
2021-11-01 18:00:00,22,13,0.0,8.7,5,24,02:28 AM,03:25 PM,06:13 AM,04:57 PM,5,19,19,19,22,50,40,0.0,1015,19,10,258,19,california
2021-11-01 21:00:00,22,13,0.0,8.7,5,24,02:28 AM,03:25 PM,06:13 AM,04:57 PM,7,16,16,16,22,48,54,0.0,1018,16,10,241,18,california
2021-11-02 00:00:00,22,12,0.0,8.7,5,17,03:36 AM,03:55 PM,06:14 AM,04:56 PM,7,16,16,16,20,25,54,0.0,1018,16,10,245,14,california
2021-11-02 03:00:00,22,12,0.0,8.7,5,17,03:36 AM,03:55 PM,06:14 AM,04:56 PM,5,12,13,12,25,6,58,0.0,1018,13,10,258,13,california
2021-11-02 06:00:00,22,12,0.0,8.7,5,17,03:36 AM,03:55 PM,06:14 AM,04:56 PM,6,11,12,11,19,8,66,0.0,1018,12,10,275,10,california
2021-11-02 09:00:00,22,12,0.0,8.7,5,17,03:36 AM,03:55 PM,06:14 AM,04:56 PM,6,15,14,15,7,5,58,0.0,1020,14,10,294,5,california
2021-11-02 12:00:00,22,12,0.0,8.7,5,17,03:36 AM,03:55 PM,06:14 AM,04:56 PM,7,19,19,19,4,5,44,0.0,1019,19,10,207,4,california
2021-11-02 15:00:00,22,12,0.0,8.7,5,17,03:36 AM,03:55 PM,06:14 AM,04:56 PM,7,24,24,22,7,7,36,0.0,1016,22,10,191,6,california
2021-11-02 18:00:00,22,12,0.0,8.7,5,17,03:36 AM,03:55 PM,06:14 AM,04:56 PM,8,21,24,21,12,5,42,0.0,1016,21,10,271,10,california
2021-11-02 21:00:00,22,12,0.0,8.7,5,17,03:36 AM,03:55 PM,06:14 AM,04:56 PM,8,17,17,17,15,4,57,0.0,1018,17,10,276,11,california
2021-11-03 00:00:00,24,13,0.0,8.7,5,10,04:45 AM,04:27 PM,06:15 AM,04:55 PM,7,15,15,15,15,15,59,0.0,1019,15,10,297,9,california
2021-11-03 03:00:00,24,13,0.0,8.7,5,10,04:45 AM,04:27 PM,06:15 AM,04:55 PM,5,14,14,14,13,12,55,0.0,1019,14,10,292,6,california
2021-11-03 06:00:00,24,13,0.0,8.7,5,10,04:45 AM,04:27 PM,06:15 AM,04:55 PM,4,13,13,13,5,8,53,0.0,1019,13,10,270,3,california
2021-11-03 09:00:00,24,13,0.0,8.7,5,10,04:45 AM,04:27 PM,06:15 AM,04:55 PM,3,16,16,16,1,0,43,0.0,1020,16,10,225,1,california
2021-11-03 12:00:00,24,13,0.0,8.7,5,10,04:45 AM,04:27 PM,06:15 AM,04:55 PM,4,21,23,21,4,0,32,0.0,1019,21,10,100,3,california
2021-11-03 15:00:00,24,13,0.0,8.7,5,10,04:45 AM,04:27 PM,06:15 AM,04:55 PM,3,24,24,24,4,0,25,0.0,1016,24,10,153,4,california
2021-11-03 18:00:00,24,13,0.0,8.7,5,10,04:45 AM,04:27 PM,06:15 AM,04:55 PM,5,24,24,24,9,0,30,0.0,1015,24,10,184,8,california
2021-11-03 21:00:00,24,13,0.0,8.7,5,10,04:45 AM,04:27 PM,06:15 AM,04:55 PM,6,18,18,18,17,0,44,0.0,1016,18,10,273,10,california
2021-11-04 00:00:00,26,14,0.0,8.7,6,3,05:57 AM,05:02 PM,06:16 AM,04:54 PM,6,17,17,17,14,0,49,0.0,1016,17,10,281,6,california
2021-11-04 03:00:00,26,14,0.0,8.7,6,3,05:57 AM,05:02 PM,06:16 AM,04:54 PM,5,15,15,15,10,0,49,0.0,1016,15,10,267,5,california
2021-11-04 06:00:00,26,14,0.0,8.7,6,3,05:57 AM,05:02 PM,06:16 AM,04:54 PM,6,13,14,13,18,0,57,0.0,1016,14,10,282,9,california
2021-11-04 09:00:00,26,14,0.0,8.7,6,3,05:57 AM,05:02 PM,06:16 AM,04:54 PM,6,16,16,16,9,0,52,0.0,1017,16,10,291,5,california
2021-11-04 12:00:00,26,14,0.0,8.7,6,3,05:57 AM,05:02 PM,06:16 AM,04:54 PM,6,24,24,22,6,0,35,0.0,1016,22,10,224,5,california
2021-11-04 15:00:00,26,14,0.0,8.7,6,3,05:57 AM,05:02 PM,06:16 AM,04:54 PM,5,25,25,26,14,0,25,0.0,1012,26,10,244,12,california
2021-11-04 18:00:00,26,14,0.0,8.7,6,3,05:57 AM,05:02 PM,06:16 AM,04:54 PM,9,24,24,23,18,1,41,0.0,1013,23,10,269,15,california
2021-11-04 21:00:00,26,14,0.0,8.7,6,3,05:57 AM,05:02 PM,06:16 AM,04:54 PM,8,17,17,17,17,13,56,0.0,1015,17,10,286,11,california
2021-11-05 00:00:00,22,12,0.0,7.1,5,3,07:12 AM,05:43 PM,06:17 AM,04:53 PM,9,14,15,14,15,4,68,0.0,1016,15,10,289,9,california
2021-11-05 03:00:00,22,12,0.0,7.1,5,3,07:12 AM,05:43 PM,06:17 AM,04:53 PM,7,12,13,12,17,33,70,0.0,1016,13,10,292,8,california
2021-11-05 06:00:00,22,12,0.0,7.1,5,3,07:12 AM,05:43 PM,06:17 AM,04:53 PM,7,12,12,12,17,100,70,0.0,1016,12,10,295,8,california
2021-11-05 09:00:00,22,12,0.0,7.1,5,3,07:12 AM,05:43 PM,06:17 AM,04:53 PM,6,15,15,15,3,32,54,0.0,1017,15,10,239,2,california
2021-11-05 12:00:00,22,12,0.0,7.1,5,3,07:12 AM,05:43 PM,06:17 AM,04:53 PM,5,19,19,19,3,34,40,0.0,1016,19,10,114,3,california
2021-11-05 15:00:00,22,12,0.0,7.1,5,3,07:12 AM,05:43 PM,06:17 AM,04:53 PM,4,22,23,22,5,81,31,0.0,1013,22,10,135,4,california
2021-11-05 18:00:00,22,12,0.0,7.1,5,3,07:12 AM,05:43 PM,06:17 AM,04:53 PM,5,21,21,21,9,15,36,0.0,1013,21,10,190,6,california
2021-11-05 21:00:00,22,12,0.0,7.1,5,3,07:12 AM,05:43 PM,06:17 AM,04:53 PM,7,18,18,18,16,0,48,0.0,1015,18,10,264,8,california
2021-11-06 00:00:00,26,13,0.0,8.7,5,10,08:28 AM,06:30 PM,06:18 AM,04:52 PM,3,16,16,16,10,0,40,0.0,1014,16,10,265,5,california
2021-11-06 03:00:00,26,13,0.0,8.7,5,10,08:28 AM,06:30 PM,06:18 AM,04:52 PM,-1,15,15,15,14,2,36,0.0,1015,15,10,244,7,california
2021-11-06 06:00:00,26,13,0.0,8.7,5,10,08:28 AM,06:30 PM,06:18 AM,04:52 PM,-1,13,13,13,14,0,37,0.0,1015,13,10,246,7,california
2021-11-06 09:00:00,26,13,0.0,8.7,5,10,08:28 AM,06:30 PM,06:18 AM,04:52 PM,-1,16,16,16,9,0,33,0.0,1016,16,10,246,5,california
2021-11-06 12:00:00,26,13,0.0,8.7,5,10,08:28 AM,06:30 PM,06:18 AM,04:52 PM,-2,23,23,23,12,0,19,0.0,1014,23,10,217,10,california
2021-11-06 15:00:00,26,13,0.0,8.7,5,10,08:28 AM,06:30 PM,06:18 AM,04:52 PM,-2,25,25,26,24,0,16,0.0,1012,26,10,253,21,california
2021-11-06 18:00:00,26,13,0.0,8.7,5,10,08:28 AM,06:30 PM,06:18 AM,04:52 PM,6,21,21,21,22,0,38,0.0,1013,21,10,268,19,california
2021-11-06 21:00:00,26,13,0.0,8.7,5,10,08:28 AM,06:30 PM,06:18 AM,04:52 PM,6,13,14,13,22,2,58,0.0,1015,14,10,276,14,california
2021-11-07 00:00:00,15,9,0.0,7.1,4,17,09:43 AM,07:27 PM,06:19 AM,04:52 PM,6,12,14,12,26,0,60,0.0,1014,14,10,261,15,california
2021-11-07 03:00:00,15,9,0.0,7.1,4,17,09:43 AM,07:27 PM,06:19 AM,04:52 PM,5,9,11,9,29,3,64,0.0,1015,11,10,273,16,california
2021-11-07 06:00:00,15,9,0.0,7.1,4,17,09:43 AM,07:27 PM,06:19 AM,04:52 PM,4,7,9,7,24,4,69,0.0,1016,9,10,269,13,california
2021-11-07 09:00:00,15,9,0.0,7.1,4,17,09:43 AM,07:27 PM,06:19 AM,04:52 PM,4,8,10,8,20,100,65,0.0,1017,10,10,281,14,california
2021-11-07 12:00:00,15,9,0.0,7.1,4,17,09:43 AM,07:27 PM,06:19 AM,04:52 PM,5,14,15,14,17,6,52,0.0,1016,15,10,272,15,california
2021-11-07 15:00:00,15,9,0.0,7.1,4,17,09:43 AM,07:27 PM,06:19 AM,04:52 PM,3,15,15,15,21,24,44,0.0,1013,15,10,270,18,california
2021-11-07 18:00:00,15,9,0.0,7.1,4,17,09:43 AM,07:27 PM,06:19 AM,04:52 PM,4,10,12,10,22,7,57,0.0,1014,12,10,281,19,california
2021-11-07 21:00:00,15,9,0.0,7.1,4,17,09:43 AM,07:27 PM,06:19 AM,04:52 PM,2,8,10,8,15,13,60,0.0,1016,10,10,281,12,california
2021-11-08 00:00:00,20,8,0.0,8.7,3,24,10:50 AM,08:30 PM,06:20 AM,04:51 PM,4,9,10,9,15,100,64,0.0,1016,10,10,266,11,california
2021-11-08 03:00:00,20,8,0.0,8.7,3,24,10:50 AM,08:30 PM,06:20 AM,04:51 PM,3,7,9,7,18,10,69,0.0,1016,9,10,272,11,california
2021-11-08 06:00:00,20,8,0.0,8.7,3,24,10:50 AM,08:30 PM,06:20 AM,04:51 PM,1,6,8,6,17,3,64,0.0,1017,8,10,270,9,california
2021-11-08 09:00:00,20,8,0.0,8.7,3,24,10:50 AM,08:30 PM,06:20 AM,04:51 PM,0,10,10,10,5,4,49,0.0,1018,10,10,264,4,california
2021-11-08 12:00:00,20,8,0.0,8.7,3,24,10:50 AM,08:30 PM,06:20 AM,04:51 PM,-2,16,16,16,4,2,30,0.0,1017,16,10,186,3,california
2021-11-08 15:00:00,20,8,0.0,8.7,3,24,10:50 AM,08:30 PM,06:20 AM,04:51 PM,-4,20,20,20,14,5,20,0.0,1015,20,10,201,12,california
2021-11-08 18:00:00,20,8,0.0,8.7,3,24,10:50 AM,08:30 PM,06:20 AM,04:51 PM,0,18,18,18,29,14,31,0.0,1015,18,10,219,22,california
2021-11-08 21:00:00,20,8,0.0,8.7,3,24,10:50 AM,08:30 PM,06:20 AM,04:51 PM,-3,14,15,14,25,24,30,0.0,1017,15,10,245,15,california
2021-11-09 00:00:00,19,12,0.0,8.7,5,30,11:48 AM,09:39 PM,06:21 AM,04:50 PM,-7,13,14,13,25,9,23,0.0,1018,14,10,239,12,california
2021-11-09 03:00:00,19,12,0.0,8.7,5,30,11:48 AM,09:39 PM,06:21 AM,04:50 PM,-9,12,13,12,26,22,20,0.0,1019,13,10,248,12,california
2021-11-09 06:00:00,19,12,0.0,8.7,5,30,11:48 AM,09:39 PM,06:21 AM,04:50 PM,-9,11,12,11,31,85,22,0.0,1019,12,10,247,15,california
2021-11-09 09:00:00,19,12,0.0,8.7,5,30,11:48 AM,09:39 PM,06:21 AM,04:50 PM,-7,13,14,13,23,12,22,0.0,1020,14,10,245,14,california
2021-11-09 12:00:00,19,12,0.0,8.7,5,30,11:48 AM,09:39 PM,06:21 AM,04:50 PM,2,19,19,19,20,21,32,0.0,1020,19,10,257,18,california
2021-11-09 15:00:00,19,12,0.0,8.7,5,30,11:48 AM,09:39 PM,06:21 AM,04:50 PM,4,18,18,18,22,45,42,0.0,1019,18,10,266,19,california
2021-11-09 18:00:00,19,12,0.0,8.7,5,30,11:48 AM,09:39 PM,06:21 AM,04:50 PM,6,16,16,16,23,30,53,0.0,1020,16,10,247,19,california
2021-11-09 21:00:00,19,12,0.0,8.7,5,30,11:48 AM,09:39 PM,06:21 AM,04:50 PM,5,12,14,12,32,5,56,0.0,1021,14,10,268,21,california
2021-11-10 00:00:00,20,10,0.0,8.7,5,37,12:35 PM,10:46 PM,06:22 AM,04:49 PM,9,11,13,11,30,13,78,0.0,1020,13,10,269,19,california
2021-11-10 03:00:00,20,10,0.0,8.7,5,37,12:35 PM,10:46 PM,06:22 AM,04:49 PM,8,10,12,10,19,2,78,0.0,1020,12,10,296,11,california
2021-11-10 06:00:00,20,10,0.0,8.7,5,37,12:35 PM,10:46 PM,06:22 AM,04:49 PM,7,9,10,9,15,0,79,0.0,1021,10,10,291,8,california
2021-11-10 09:00:00,20,10,0.0,8.7,5,37,12:35 PM,10:46 PM,06:22 AM,04:49 PM,6,11,12,11,12,0,66,0.0,1022,12,10,292,8,california
2021-11-10 12:00:00,20,10,0.0,8.7,5,37,12:35 PM,10:46 PM,06:22 AM,04:49 PM,5,17,17,17,9,10,44,0.0,1021,17,10,269,8,california
2021-11-10 15:00:00,20,10,0.0,8.7,5,37,12:35 PM,10:46 PM,06:22 AM,04:49 PM,6,20,20,20,10,4,40,0.0,1018,20,10,284,9,california
2021-11-10 18:00:00,20,10,0.0,8.7,5,37,12:35 PM,10:46 PM,06:22 AM,04:49 PM,8,17,17,17,19,3,56,0.0,1019,17,10,280,17,california
2021-11-10 21:00:00,20,10,0.0,8.7,5,37,12:35 PM,10:46 PM,06:22 AM,04:49 PM,7,12,13,12,19,1,65,0.0,1021,13,10,289,13,california
2021-11-11 00:00:00,25,12,0.0,8.7,5,44,01:15 PM,11:53 PM,06:23 AM,04:48 PM,5,13,14,13,15,0,58,0.0,1022,14,10,282,7,california
2021-11-11 03:00:00,25,12,0.0,8.7,5,44,01:15 PM,11:53 PM,06:23 AM,04:48 PM,4,12,12,12,14,0,58,0.0,1022,12,10,298,6,california
2021-11-11 06:00:00,25,12,0.0,8.7,5,44,01:15 PM,11:53 PM,06:23 AM,04:48 PM,3,12,12,12,5,0,57,0.0,1022,12,10,324,3,california
2021-11-11 09:00:00,25,12,0.0,8.7,5,44,01:15 PM,11:53 PM,06:23 AM,04:48 PM,4,16,16,16,4,0,44,0.0,1023,16,10,352,2,california
2021-11-11 12:00:00,25,12,0.0,8.7,5,44,01:15 PM,11:53 PM,06:23 AM,04:48 PM,4,23,23,22,7,0,30,0.0,1022,22,10,66,6,california
2021-11-11 15:00:00,25,12,0.0,8.7,5,44,01:15 PM,11:53 PM,06:23 AM,04:48 PM,3,24,24,25,8,0,23,0.0,1019,25,10,78,6,california
2021-11-11 18:00:00,25,12,0.0,8.7,5,44,01:15 PM,11:53 PM,06:23 AM,04:48 PM,4,24,24,23,8,0,29,0.0,1019,23,10,213,6,california
2021-11-11 21:00:00,25,12,0.0,8.7,5,44,01:15 PM,11:53 PM,06:23 AM,04:48 PM,2,18,18,18,6,0,33,0.0,1020,18,10,304,3,california
2021-11-12 00:00:00,25,15,0.0,8.7,6,51,01:48 PM,No moonset,06:24 AM,04:48 PM,1,17,17,17,8,0,35,0.0,1021,17,10,1,4,california
2021-11-12 03:00:00,25,15,0.0,8.7,6,51,01:48 PM,No moonset,06:24 AM,04:48 PM,1,16,16,16,11,0,36,0.0,1021,16,10,4,5,california
2021-11-12 06:00:00,25,15,0.0,8.7,6,51,01:48 PM,No moonset,06:24 AM,04:48 PM,0,15,15,15,13,0,38,0.0,1021,15,10,12,6,california
2021-11-12 09:00:00,25,15,0.0,8.7,6,51,01:48 PM,No moonset,06:24 AM,04:48 PM,1,18,18,18,10,0,33,0.0,1022,18,10,25,5,california
2021-11-12 12:00:00,25,15,0.0,8.7,6,51,01:48 PM,No moonset,06:24 AM,04:48 PM,2,23,23,23,9,3,24,0.0,1022,23,10,47,8,california
2021-11-12 15:00:00,25,15,0.0,8.7,6,51,01:48 PM,No moonset,06:24 AM,04:48 PM,1,24,24,25,6,6,21,0.0,1019,25,10,54,5,california
2021-11-12 18:00:00,25,15,0.0,8.7,6,51,01:48 PM,No moonset,06:24 AM,04:48 PM,4,24,24,24,5,0,27,0.0,1019,24,10,185,4,california
2021-11-12 21:00:00,25,15,0.0,8.7,6,51,01:48 PM,No moonset,06:24 AM,04:48 PM,2,19,19,19,8,0,31,0.0,1020,19,10,266,4,california
2021-11-13 00:00:00,27,15,0.0,8.7,6,58,02:17 PM,12:56 AM,06:25 AM,04:47 PM,1,18,18,18,7,0,32,0.0,1020,18,10,347,3,california
2021-11-13 03:00:00,27,15,0.0,8.7,6,58,02:17 PM,12:56 AM,06:25 AM,04:47 PM,0,16,16,16,8,0,34,0.0,1019,16,10,334,4,california
2021-11-13 06:00:00,27,15,0.0,8.7,6,58,02:17 PM,12:56 AM,06:25 AM,04:47 PM,-0,15,15,15,4,0,36,0.0,1019,15,10,329,2,california
2021-11-13 09:00:00,27,15,0.0,8.7,6,58,02:17 PM,12:56 AM,06:25 AM,04:47 PM,1,18,18,18,6,0,31,0.0,1020,18,10,14,3,california
2021-11-13 12:00:00,27,15,0.0,8.7,6,58,02:17 PM,12:56 AM,06:25 AM,04:47 PM,1,24,24,25,4,0,21,0.0,1019,25,10,68,4,california
2021-11-13 15:00:00,27,15,0.0,8.7,6,58,02:17 PM,12:56 AM,06:25 AM,04:47 PM,1,25,25,27,3,0,19,0.0,1017,27,10,140,3,california
2021-11-13 18:00:00,27,15,0.0,8.7,6,58,02:17 PM,12:56 AM,06:25 AM,04:47 PM,3,24,24,24,8,0,26,0.0,1016,24,10,182,5,california
2021-11-13 21:00:00,27,15,0.0,8.7,6,58,02:17 PM,12:56 AM,06:25 AM,04:47 PM,2,20,20,20,12,9,31,0.0,1018,20,10,273,6,california
2021-11-14 00:00:00,25,15,0.0,7.1,6,64,02:43 PM,01:57 AM,06:26 AM,04:46 PM,1,17,17,17,10,0,33,0.0,1019,17,10,298,5,california
2021-11-14 03:00:00,25,15,0.0,7.1,6,64,02:43 PM,01:57 AM,06:26 AM,04:46 PM,0,16,16,16,3,0,35,0.0,1018,16,10,5,1,california
2021-11-14 06:00:00,25,15,0.0,7.1,6,64,02:43 PM,01:57 AM,06:26 AM,04:46 PM,-1,15,15,15,4,99,35,0.0,1019,15,10,46,2,california
2021-11-14 09:00:00,25,15,0.0,7.1,6,64,02:43 PM,01:57 AM,06:26 AM,04:46 PM,0,17,17,17,5,69,31,0.0,1020,17,10,350,2,california
2021-11-14 12:00:00,25,15,0.0,7.1,6,64,02:43 PM,01:57 AM,06:26 AM,04:46 PM,-1,23,23,23,3,30,20,0.0,1020,23,10,99,3,california
2021-11-14 15:00:00,25,15,0.0,7.1,6,64,02:43 PM,01:57 AM,06:26 AM,04:46 PM,-1,24,24,25,5,7,17,0.0,1017,25,10,153,4,california
2021-11-14 18:00:00,25,15,0.0,7.1,6,64,02:43 PM,01:57 AM,06:26 AM,04:46 PM,2,23,23,24,7,1,24,0.0,1017,24,10,179,5,california
2021-11-14 21:00:00,25,15,0.0,7.1,6,64,02:43 PM,01:57 AM,06:26 AM,04:46 PM,0,19,19,19,10,0,28,0.0,1018,19,10,280,5,california
2021-11-15 00:00:00,26,15,0.0,8.7,6,71,03:09 PM,02:56 AM,06:27 AM,04:46 PM,-1,17,17,17,5,0,30,0.0,1019,17,10,284,3,california
2021-11-15 03:00:00,26,15,0.0,8.7,6,71,03:09 PM,02:56 AM,06:27 AM,04:46 PM,-2,15,15,15,5,0,31,0.0,1018,15,10,229,2,california
2021-11-15 06:00:00,26,15,0.0,8.7,6,71,03:09 PM,02:56 AM,06:27 AM,04:46 PM,-2,16,15,16,8,3,31,0.0,1018,15,10,215,4,california
2021-11-15 09:00:00,26,15,0.0,8.7,6,71,03:09 PM,02:56 AM,06:27 AM,04:46 PM,-2,18,18,18,7,15,26,0.0,1019,18,10,200,4,california
2021-11-15 12:00:00,26,15,0.0,8.7,6,71,03:09 PM,02:56 AM,06:27 AM,04:46 PM,-3,22,22,23,7,13,18,0.0,1018,23,10,172,6,california
2021-11-15 15:00:00,26,15,0.0,8.7,6,71,03:09 PM,02:56 AM,06:27 AM,04:46 PM,-4,25,25,26,19,48,13,0.0,1015,26,10,206,15,california
2021-11-15 18:00:00,26,15,0.0,8.7,6,71,03:09 PM,02:56 AM,06:27 AM,04:46 PM,-4,22,22,22,35,100,18,0.0,1015,22,10,236,19,california
2021-11-15 21:00:00,26,15,0.0,8.7,6,71,03:09 PM,02:56 AM,06:27 AM,04:46 PM,-2,19,19,19,30,44,25,0.0,1015,19,10,249,15,california
2021-11-16 00:00:00,24,13,0.0,7.1,4,78,03:35 PM,03:53 AM,06:28 AM,04:45 PM,-2,17,17,17,30,99,27,0.0,1016,17,10,252,14,california
2021-11-16 03:00:00,24,13,0.0,7.1,4,78,03:35 PM,03:53 AM,06:28 AM,04:45 PM,-1,14,15,14,32,88,33,0.0,1015,15,10,265,15,california
2021-11-16 06:00:00,24,13,0.0,7.1,4,78,03:35 PM,03:53 AM,06:28 AM,04:45 PM,1,12,13,12,32,0,41,0.0,1014,13,10,256,15,california
2021-11-16 09:00:00,24,13,0.0,7.1,4,78,03:35 PM,03:53 AM,06:28 AM,04:45 PM,2,14,15,14,24,61,42,0.0,1015,15,10,263,14,california
2021-11-16 12:00:00,24,13,0.0,7.1,4,78,03:35 PM,03:53 AM,06:28 AM,04:45 PM,1,20,20,20,22,44,27,0.0,1013,20,10,261,19,california
2021-11-16 15:00:00,24,13,0.0,7.1,4,78,03:35 PM,03:53 AM,06:28 AM,04:45 PM,1,23,23,24,32,0,23,0.0,1010,24,10,280,28,california
2021-11-16 18:00:00,24,13,0.0,7.1,4,78,03:35 PM,03:53 AM,06:28 AM,04:45 PM,5,20,20,20,19,0,40,0.0,1011,20,10,275,17,california
2021-11-16 21:00:00,24,13,0.0,7.1,4,78,03:35 PM,03:53 AM,06:28 AM,04:45 PM,4,13,14,13,22,0,51,0.0,1014,14,10,272,13,california
2021-11-17 00:00:00,22,11,0.0,8.7,5,85,04:02 PM,04:51 AM,06:29 AM,04:45 PM,2,13,13,13,16,0,46,0.0,1015,13,10,277,8,california
2021-11-17 03:00:00,22,11,0.0,8.7,5,85,04:02 PM,04:51 AM,06:29 AM,04:45 PM,1,12,12,12,10,32,46,0.0,1015,12,10,296,5,california
2021-11-17 06:00:00,22,11,0.0,8.7,5,85,04:02 PM,04:51 AM,06:29 AM,04:45 PM,-0,11,11,11,4,100,47,0.0,1015,11,10,223,2,california
2021-11-17 09:00:00,22,11,0.0,8.7,5,85,04:02 PM,04:51 AM,06:29 AM,04:45 PM,-0,14,14,14,13,32,38,0.0,1017,14,10,40,7,california
2021-11-17 12:00:00,22,11,0.0,8.7,5,85,04:02 PM,04:51 AM,06:29 AM,04:45 PM,1,20,20,20,5,2,27,0.0,1016,20,10,73,4,california
2021-11-17 15:00:00,22,11,0.0,8.7,5,85,04:02 PM,04:51 AM,06:29 AM,04:45 PM,-2,22,22,22,6,16,21,0.0,1014,22,10,103,6,california
2021-11-17 18:00:00,22,11,0.0,8.7,5,85,04:02 PM,04:51 AM,06:29 AM,04:45 PM,-1,19,19,19,11,21,26,0.0,1015,19,10,230,6,california
2021-11-17 21:00:00,22,11,0.0,8.7,5,85,04:02 PM,04:51 AM,06:29 AM,04:45 PM,-1,17,17,17,4,99,29,0.0,1016,17,10,321,2,california
2021-11-18 00:00:00,21,13,0.0,7.1,5,91,04:31 PM,05:49 AM,06:30 AM,04:44 PM,-1,15,15,15,5,13,34,0.0,1017,15,10,348,2,california
2021-11-18 03:00:00,21,13,0.0,7.1,5,91,04:31 PM,05:49 AM,06:30 AM,04:44 PM,-1,14,14,14,5,3,36,0.0,1017,14,10,247,2,california
2021-11-18 06:00:00,21,13,0.0,7.1,5,91,04:31 PM,05:49 AM,06:30 AM,04:44 PM,-1,13,13,13,5,7,40,0.0,1017,13,10,193,2,california
2021-11-18 09:00:00,21,13,0.0,7.1,5,91,04:31 PM,05:49 AM,06:30 AM,04:44 PM,1,15,15,15,4,11,37,0.0,1018,15,10,167,3,california
2021-11-18 12:00:00,21,13,0.0,7.1,5,91,04:31 PM,05:49 AM,06:30 AM,04:44 PM,1,19,19,19,5,33,29,0.0,1018,19,10,154,4,california
2021-11-18 15:00:00,21,13,0.0,7.1,5,91,04:31 PM,05:49 AM,06:30 AM,04:44 PM,1,21,21,21,17,100,26,0.0,1015,21,10,198,14,california
2021-11-18 18:00:00,21,13,0.0,7.1,5,91,04:31 PM,05:49 AM,06:30 AM,04:44 PM,2,19,19,19,28,69,34,0.0,1016,19,10,219,18,california
2021-11-18 21:00:00,21,13,0.0,7.1,5,91,04:31 PM,05:49 AM,06:30 AM,04:44 PM,3,16,16,16,20,79,40,0.0,1017,16,10,242,12,california
2021-11-19 00:00:00,22,12,0.0,8.7,5,98,05:04 PM,06:47 AM,06:31 AM,04:43 PM,2,14,14,14,18,33,41,0.0,1017,14,10,238,9,california
2021-11-19 03:00:00,22,12,0.0,8.7,5,98,05:04 PM,06:47 AM,06:31 AM,04:43 PM,1,12,13,12,17,100,44,0.0,1017,13,10,247,8,california
2021-11-19 06:00:00,22,12,0.0,8.7,5,98,05:04 PM,06:47 AM,06:31 AM,04:43 PM,1,12,12,12,13,68,46,0.0,1017,12,10,257,6,california
2021-11-19 09:00:00,22,12,0.0,8.7,5,98,05:04 PM,06:47 AM,06:31 AM,04:43 PM,1,14,13,14,7,5,42,0.0,1018,13,10,261,4,california
2021-11-19 12:00:00,22,12,0.0,8.7,5,98,05:04 PM,06:47 AM,06:31 AM,04:43 PM,0,18,18,18,6,33,30,0.0,1017,18,10,203,5,california
2021-11-19 15:00:00,22,12,0.0,8.7,5,98,05:04 PM,06:47 AM,06:31 AM,04:43 PM,-1,22,22,22,14,6,22,0.0,1014,22,10,222,12,california
2021-11-19 18:00:00,22,12,0.0,8.7,5,98,05:04 PM,06:47 AM,06:31 AM,04:43 PM,2,19,19,19,21,6,32,0.0,1014,19,10,253,17,california
2021-11-19 21:00:00,22,12,0.0,8.7,5,98,05:04 PM,06:47 AM,06:31 AM,04:43 PM,3,14,15,14,19,7,45,0.0,1016,15,10,265,12,california
2021-11-20 00:00:00,19,9,0.0,8.7,4,95,05:42 PM,07:45 AM,06:32 AM,04:43 PM,1,11,13,11,22,7,46,0.0,1016,13,10,269,12,california
2021-11-20 03:00:00,19,9,0.0,8.7,4,95,05:42 PM,07:45 AM,06:32 AM,04:43 PM,2,9,11,9,23,5,53,0.0,1016,11,10,273,12,california
2021-11-20 06:00:00,19,9,0.0,8.7,4,95,05:42 PM,07:45 AM,06:32 AM,04:43 PM,2,8,9,8,20,31,61,0.0,1017,9,10,288,10,california
2021-11-20 09:00:00,19,9,0.0,8.7,4,95,05:42 PM,07:45 AM,06:32 AM,04:43 PM,2,9,10,9,13,2,55,0.0,1019,10,10,315,8,california
2021-11-20 12:00:00,19,9,0.0,8.7,4,95,05:42 PM,07:45 AM,06:32 AM,04:43 PM,-1,16,16,16,5,10,31,0.0,1019,16,10,30,4,california
2021-11-20 15:00:00,19,9,0.0,8.7,4,95,05:42 PM,07:45 AM,06:32 AM,04:43 PM,-3,19,19,19,8,33,23,0.0,1017,19,10,79,6,california
2021-11-20 18:00:00,19,9,0.0,8.7,4,95,05:42 PM,07:45 AM,06:32 AM,04:43 PM,-2,17,17,17,5,32,27,0.0,1017,17,10,36,3,california
2021-11-20 21:00:00,19,9,0.0,8.7,4,95,05:42 PM,07:45 AM,06:32 AM,04:43 PM,-3,16,16,16,18,21,28,0.0,1020,16,10,51,9,california
2021-11-21 00:00:00,19,10,0.0,7.1,3,88,06:25 PM,08:42 AM,06:33 AM,04:43 PM,-2,13,14,13,26,95,33,0.0,1021,14,10,21,13,california
2021-11-21 03:00:00,19,10,0.0,7.1,3,88,06:25 PM,08:42 AM,06:33 AM,04:43 PM,-4,10,12,10,30,32,35,0.0,1022,12,10,23,14,california
2021-11-21 06:00:00,19,10,0.0,7.1,3,88,06:25 PM,08:42 AM,06:33 AM,04:43 PM,-5,8,10,8,30,21,35,0.0,1024,10,10,25,14,california
2021-11-21 09:00:00,19,10,0.0,7.1,3,88,06:25 PM,08:42 AM,06:33 AM,04:43 PM,-5,9,11,9,24,100,32,0.0,1025,11,10,30,13,california
2021-11-21 12:00:00,19,10,0.0,7.1,3,88,06:25 PM,08:42 AM,06:33 AM,04:43 PM,-8,17,17,17,32,33,17,0.0,1025,17,10,50,28,california
2021-11-21 15:00:00,19,10,0.0,7.1,3,88,06:25 PM,08:42 AM,06:33 AM,04:43 PM,-11,19,19,19,34,11,12,0.0,1022,19,10,59,30,california
2021-11-21 18:00:00,19,10,0.0,7.1,3,88,06:25 PM,08:42 AM,06:33 AM,04:43 PM,-8,18,18,18,15,0,16,0.0,1023,18,10,104,12,california
2021-11-21 21:00:00,19,10,0.0,7.1,3,88,06:25 PM,08:42 AM,06:33 AM,04:43 PM,-11,12,13,12,21,0,18,0.0,1024,13,10,30,10,california
2021-11-22 00:00:00,19,10,0.0,7.1,4,81,07:14 PM,09:36 AM,06:34 AM,04:42 PM,-10,11,12,11,21,0,21,0.0,1024,12,10,11,10,california
2021-11-22 03:00:00,19,10,0.0,7.1,4,81,07:14 PM,09:36 AM,06:34 AM,04:42 PM,-11,9,10,9,18,0,22,0.0,1023,10,10,1,9,california
2021-11-22 06:00:00,19,10,0.0,7.1,4,81,07:14 PM,09:36 AM,06:34 AM,04:42 PM,-12,8,10,8,21,0,21,0.0,1022,10,10,18,10,california
2021-11-22 09:00:00,19,10,0.0,7.1,4,81,07:14 PM,09:36 AM,06:34 AM,04:42 PM,-11,11,12,11,13,0,20,0.0,1023,12,10,12,7,california
2021-11-22 12:00:00,19,10,0.0,7.1,4,81,07:14 PM,09:36 AM,06:34 AM,04:42 PM,-11,17,17,17,10,16,13,0.0,1021,17,10,44,9,california
2021-11-22 15:00:00,19,10,0.0,7.1,4,81,07:14 PM,09:36 AM,06:34 AM,04:42 PM,-12,19,19,19,6,98,11,0.0,1018,19,10,96,5,california
2021-11-22 18:00:00,19,10,0.0,7.1,4,81,07:14 PM,09:36 AM,06:34 AM,04:42 PM,-10,17,17,17,3,14,15,0.0,1016,17,10,155,2,california
2021-11-22 21:00:00,19,10,0.0,7.1,4,81,07:14 PM,09:36 AM,06:34 AM,04:42 PM,-11,15,15,15,9,68,16,0.0,1016,15,10,265,5,california
2021-11-23 00:00:00,21,12,0.0,8.7,5,75,08:08 PM,10:25 AM,06:35 AM,04:42 PM,-11,13,13,13,5,30,17,0.0,1016,13,10,228,2,california
2021-11-23 03:00:00,21,12,0.0,8.7,5,75,08:08 PM,10:25 AM,06:35 AM,04:42 PM,-12,14,13,14,7,5,17,0.0,1014,13,10,250,3,california
2021-11-23 06:00:00,21,12,0.0,8.7,5,75,08:08 PM,10:25 AM,06:35 AM,04:42 PM,-12,12,12,12,13,91,18,0.0,1013,12,10,231,6,california
2021-11-23 09:00:00,21,12,0.0,8.7,5,75,08:08 PM,10:25 AM,06:35 AM,04:42 PM,-11,14,14,14,19,5,17,0.0,1014,14,10,250,10,california
2021-11-23 12:00:00,21,12,0.0,8.7,5,75,08:08 PM,10:25 AM,06:35 AM,04:42 PM,-8,21,22,21,28,4,13,0.0,1012,21,10,235,24,california
2021-11-23 15:00:00,21,12,0.0,8.7,5,75,08:08 PM,10:25 AM,06:35 AM,04:42 PM,-7,21,22,21,33,5,14,0.0,1009,21,10,258,28,california
2021-11-23 18:00:00,21,12,0.0,8.7,5,75,08:08 PM,10:25 AM,06:35 AM,04:42 PM,-7,16,16,16,31,34,21,0.0,1010,16,10,245,22,california
2021-11-23 21:00:00,21,12,0.0,8.7,5,75,08:08 PM,10:25 AM,06:35 AM,04:42 PM,-3,12,13,12,26,76,32,0.0,1012,13,10,244,17,california
2021-11-24 00:00:00,20,8,0.0,8.7,3,68,09:06 PM,11:09 AM,06:36 AM,04:41 PM,-2,9,11,9,19,71,40,0.0,1014,11,10,289,10,california
2021-11-24 03:00:00,20,8,0.0,8.7,3,68,09:06 PM,11:09 AM,06:36 AM,04:41 PM,-2,8,9,8,18,47,44,0.0,1015,9,10,296,9,california
2021-11-24 06:00:00,20,8,0.0,8.7,3,68,09:06 PM,11:09 AM,06:36 AM,04:41 PM,-3,6,8,6,14,0,46,0.0,1017,8,10,313,7,california
2021-11-24 09:00:00,20,8,0.0,8.7,3,68,09:06 PM,11:09 AM,06:36 AM,04:41 PM,-5,10,11,10,9,0,33,0.0,1019,11,10,348,5,california
2021-11-24 12:00:00,20,8,0.0,8.7,3,68,09:06 PM,11:09 AM,06:36 AM,04:41 PM,-8,17,17,17,17,0,16,0.0,1020,17,10,54,15,california
2021-11-24 15:00:00,20,8,0.0,8.7,3,68,09:06 PM,11:09 AM,06:36 AM,04:41 PM,-8,20,20,20,21,0,14,0.0,1019,20,10,58,18,california
2021-11-24 18:00:00,20,8,0.0,8.7,3,68,09:06 PM,11:09 AM,06:36 AM,04:41 PM,-10,14,15,14,17,5,17,0.0,1021,15,10,86,11,california
2021-11-24 21:00:00,20,8,0.0,8.7,3,68,09:06 PM,11:09 AM,06:36 AM,04:41 PM,-10,11,11,11,7,0,22,0.0,1024,11,10,34,3,california
2021-11-25 00:00:00,18,6,0.0,8.7,4,61,10:06 PM,11:48 AM,06:37 AM,04:41 PM,-11,9,9,9,14,1,22,0.0,1025,9,10,12,6,california
2021-11-25 03:00:00,18,6,0.0,8.7,4,61,10:06 PM,11:48 AM,06:37 AM,04:41 PM,-13,6,8,6,17,0,22,0.0,1026,8,10,34,8,california
2021-11-25 06:00:00,18,6,0.0,8.7,4,61,10:06 PM,11:48 AM,06:37 AM,04:41 PM,-14,5,6,5,14,0,23,0.0,1028,6,10,28,6,california
2021-11-25 09:00:00,18,6,0.0,8.7,4,61,10:06 PM,11:48 AM,06:37 AM,04:41 PM,-13,7,8,7,14,0,20,0.0,1031,8,10,11,8,california
2021-11-25 12:00:00,18,6,0.0,8.7,4,61,10:06 PM,11:48 AM,06:37 AM,04:41 PM,-13,14,15,14,16,0,14,0.0,1029,15,10,45,14,california
2021-11-25 15:00:00,18,6,0.0,8.7,4,61,10:06 PM,11:48 AM,06:37 AM,04:41 PM,-15,18,18,18,20,0,9,0.0,1026,18,10,48,18,california
2021-11-25 18:00:00,18,6,0.0,8.7,4,61,10:06 PM,11:48 AM,06:37 AM,04:41 PM,-13,16,16,16,14,0,12,0.0,1027,16,10,43,11,california
2021-11-25 21:00:00,18,6,0.0,8.7,4,61,10:06 PM,11:48 AM,06:37 AM,04:41 PM,-15,10,10,10,10,0,15,0.0,1028,10,10,24,5,california
2021-11-26 00:00:00,20,7,0.0,8.7,4,54,11:08 PM,12:22 PM,06:37 AM,04:41 PM,-16,8,9,8,14,3,15,0.0,1027,9,10,13,7,california
2021-11-26 03:00:00,20,7,0.0,8.7,4,54,11:08 PM,12:22 PM,06:37 AM,04:41 PM,-17,7,8,7,14,0,15,0.0,1026,8,10,27,6,california
2021-11-26 06:00:00,20,7,0.0,8.7,4,54,11:08 PM,12:22 PM,06:37 AM,04:41 PM,-18,5,7,5,14,0,15,0.0,1025,7,10,24,7,california
2021-11-26 09:00:00,20,7,0.0,8.7,4,54,11:08 PM,12:22 PM,06:37 AM,04:41 PM,-17,8,9,8,17,0,13,0.0,1026,9,10,21,8,california
2021-11-26 12:00:00,20,7,0.0,8.7,4,54,11:08 PM,12:22 PM,06:37 AM,04:41 PM,-18,17,17,17,9,0,8,0.0,1024,17,10,47,8,california
2021-11-26 15:00:00,20,7,0.0,8.7,4,54,11:08 PM,12:22 PM,06:37 AM,04:41 PM,-18,20,20,20,8,0,6,0.0,1020,20,10,52,7,california
2021-11-26 18:00:00,20,7,0.0,8.7,4,54,11:08 PM,12:22 PM,06:37 AM,04:41 PM,-16,15,15,15,5,3,10,0.0,1018,15,10,76,3,california
2021-11-26 21:00:00,20,7,0.0,8.7,4,54,11:08 PM,12:22 PM,06:37 AM,04:41 PM,-18,12,12,12,11,0,11,0.0,1019,12,10,9,5,california
2021-11-27 00:00:00,20,8,0.0,8.7,4,48,No moonrise,12:54 PM,06:38 AM,04:40 PM,-19,10,11,10,13,2,11,0.0,1019,11,10,12,6,california
2021-11-27 03:00:00,20,8,0.0,8.7,4,48,No moonrise,12:54 PM,06:38 AM,04:40 PM,-19,9,9,9,11,0,12,0.0,1018,9,10,30,5,california
2021-11-27 06:00:00,20,8,0.0,8.7,4,48,No moonrise,12:54 PM,06:38 AM,04:40 PM,-19,7,8,7,10,0,13,0.0,1018,8,10,36,5,california
2021-11-27 09:00:00,20,8,0.0,8.7,4,48,No moonrise,12:54 PM,06:38 AM,04:40 PM,-17,10,11,10,12,1,12,0.0,1019,11,10,16,6,california
2021-11-27 12:00:00,20,8,0.0,8.7,4,48,No moonrise,12:54 PM,06:38 AM,04:40 PM,-16,18,18,18,4,0,9,0.0,1018,18,10,47,4,california
2021-11-27 15:00:00,20,8,0.0,8.7,4,48,No moonrise,12:54 PM,06:38 AM,04:40 PM,-14,20,20,20,4,0,9,0.0,1016,20,10,111,3,california
2021-11-27 18:00:00,20,8,0.0,8.7,4,48,No moonrise,12:54 PM,06:38 AM,04:40 PM,-13,17,17,17,4,0,12,0.0,1016,17,10,224,3,california
2021-11-27 21:00:00,20,8,0.0,8.7,4,48,No moonrise,12:54 PM,06:38 AM,04:40 PM,-15,13,13,13,4,0,13,0.0,1018,13,10,196,2,california
2021-11-28 00:00:00,21,9,0.0,8.7,5,41,12:11 AM,01:23 PM,06:39 AM,04:40 PM,-16,12,12,12,5,0,13,0.0,1018,12,10,27,3,california
2021-11-28 03:00:00,21,9,0.0,8.7,5,41,12:11 AM,01:23 PM,06:39 AM,04:40 PM,-16,10,10,10,7,0,14,0.0,1019,10,10,33,3,california
2021-11-28 06:00:00,21,9,0.0,8.7,5,41,12:11 AM,01:23 PM,06:39 AM,04:40 PM,-15,9,9,9,11,0,16,0.0,1020,9,10,12,5,california
2021-11-28 09:00:00,21,9,0.0,8.7,5,41,12:11 AM,01:23 PM,06:39 AM,04:40 PM,-15,12,12,12,11,0,14,0.0,1021,12,10,29,6,california
2021-11-28 12:00:00,21,9,0.0,8.7,5,41,12:11 AM,01:23 PM,06:39 AM,04:40 PM,-14,19,19,19,6,0,10,0.0,1021,19,10,59,6,california
2021-11-28 15:00:00,21,9,0.0,8.7,5,41,12:11 AM,01:23 PM,06:39 AM,04:40 PM,-12,21,21,21,5,1,10,0.0,1019,21,10,93,4,california
2021-11-28 18:00:00,21,9,0.0,8.7,5,41,12:11 AM,01:23 PM,06:39 AM,04:40 PM,-11,18,18,18,4,5,13,0.0,1020,18,10,115,2,california
2021-11-28 21:00:00,21,9,0.0,8.7,5,41,12:11 AM,01:23 PM,06:39 AM,04:40 PM,-13,14,14,14,4,13,15,0.0,1021,14,10,41,2,california
2021-11-29 00:00:00,24,11,0.0,8.7,5,34,01:15 AM,01:52 PM,06:40 AM,04:40 PM,-8,15,14,15,7,0,21,0.0,1022,14,10,352,3,california
2021-11-29 03:00:00,24,11,0.0,8.7,5,34,01:15 AM,01:52 PM,06:40 AM,04:40 PM,-8,13,12,13,7,0,23,0.0,1021,12,10,354,3,california
2021-11-29 06:00:00,24,11,0.0,8.7,5,34,01:15 AM,01:52 PM,06:40 AM,04:40 PM,-7,11,11,11,1,0,28,0.0,1020,11,10,324,1,california
2021-11-29 09:00:00,24,11,0.0,8.7,5,34,01:15 AM,01:52 PM,06:40 AM,04:40 PM,-6,14,14,14,0,0,25,0.0,1021,14,10,208,0,california
2021-11-29 12:00:00,24,11,0.0,8.7,5,34,01:15 AM,01:52 PM,06:40 AM,04:40 PM,-6,21,21,21,3,0,16,0.0,1020,21,10,130,2,california
2021-11-29 15:00:00,24,11,0.0,8.7,5,34,01:15 AM,01:52 PM,06:40 AM,04:40 PM,-5,23,23,24,6,0,15,0.0,1017,24,10,153,5,california
2021-11-29 18:00:00,24,11,0.0,8.7,5,34,01:15 AM,01:52 PM,06:40 AM,04:40 PM,-3,20,20,20,6,0,22,0.0,1017,20,10,213,3,california
2021-11-29 21:00:00,24,11,0.0,8.7,5,34,01:15 AM,01:52 PM,06:40 AM,04:40 PM,-4,16,16,16,18,0,25,0.0,1018,16,10,294,9,california
2021-11-30 00:00:00,24,11,0.0,8.7,5,27,02:21 AM,02:22 PM,06:41 AM,04:40 PM,-5,14,14,14,15,0,27,0.0,1019,14,10,304,7,california
2021-11-30 03:00:00,24,11,0.0,8.7,5,27,02:21 AM,02:22 PM,06:41 AM,04:40 PM,-5,13,13,13,7,0,28,0.0,1018,13,10,288,3,california
2021-11-30 06:00:00,24,11,0.0,8.7,5,27,02:21 AM,02:22 PM,06:41 AM,04:40 PM,-6,12,11,12,7,0,29,0.0,1018,11,10,289,3,california
2021-11-30 09:00:00,24,11,0.0,8.7,5,27,02:21 AM,02:22 PM,06:41 AM,04:40 PM,-5,15,14,15,7,4,27,0.0,1020,14,10,340,3,california
2021-11-30 12:00:00,24,11,0.0,8.7,5,27,02:21 AM,02:22 PM,06:41 AM,04:40 PM,-5,21,21,21,7,4,17,0.0,1019,21,10,64,6,california
2021-11-30 15:00:00,24,11,0.0,8.7,5,27,02:21 AM,02:22 PM,06:41 AM,04:40 PM,-4,23,23,24,3,0,16,0.0,1017,24,10,96,3,california
2021-11-30 18:00:00,24,11,0.0,8.7,5,27,02:21 AM,02:22 PM,06:41 AM,04:40 PM,-2,20,20,20,5,0,23,0.0,1017,20,10,238,3,california
2021-11-30 21:00:00,24,11,0.0,8.7,5,27,02:21 AM,02:22 PM,06:41 AM,04:40 PM,-4,16,16,16,9,4,24,0.0,1019,16,10,17,4,california
2021-12-01 00:00:00,25,13,0.0,8.7,5,21,03:30 AM,02:54 PM,06:42 AM,04:40 PM,-3,15,15,15,13,0,27,0.0,1019,15,10,12,6,california
2021-12-01 03:00:00,25,13,0.0,8.7,5,21,03:30 AM,02:54 PM,06:42 AM,04:40 PM,-4,13,13,13,13,0,29,0.0,1019,13,10,359,6,california
2021-12-01 06:00:00,25,13,0.0,8.7,5,21,03:30 AM,02:54 PM,06:42 AM,04:40 PM,-6,12,13,12,17,0,27,0.0,1019,13,10,14,8,california
2021-12-01 09:00:00,25,13,0.0,8.7,5,21,03:30 AM,02:54 PM,06:42 AM,04:40 PM,-6,14,14,14,14,0,24,0.0,1021,14,10,20,6,california
2021-12-01 12:00:00,25,13,0.0,8.7,5,21,03:30 AM,02:54 PM,06:42 AM,04:40 PM,-5,22,22,22,10,0,16,0.0,1021,22,10,43,9,california
2021-12-01 15:00:00,25,13,0.0,8.7,5,21,03:30 AM,02:54 PM,06:42 AM,04:40 PM,-5,24,24,25,8,0,14,0.0,1018,25,10,76,7,california
2021-12-01 18:00:00,25,13,0.0,8.7,5,21,03:30 AM,02:54 PM,06:42 AM,04:40 PM,-3,20,20,20,4,0,20,0.0,1018,20,10,227,2,california
2021-12-01 21:00:00,25,13,0.0,8.7,5,21,03:30 AM,02:54 PM,06:42 AM,04:40 PM,-5,16,16,16,5,0,22,0.0,1019,16,10,3,2,california
2021-12-02 00:00:00,21,11,0.0,7.0,5,14,04:42 AM,03:32 PM,06:43 AM,04:40 PM,-5,14,14,14,1,5,27,0.0,1019,14,10,334,1,california
2021-12-02 03:00:00,21,11,0.0,7.0,5,14,04:42 AM,03:32 PM,06:43 AM,04:40 PM,-6,12,12,12,5,19,28,0.0,1019,12,10,8,2,california
2021-12-02 06:00:00,21,11,0.0,7.0,5,14,04:42 AM,03:32 PM,06:43 AM,04:40 PM,-6,11,11,11,2,35,30,0.0,1018,11,10,346,1,california
2021-12-02 09:00:00,21,11,0.0,7.0,5,14,04:42 AM,03:32 PM,06:43 AM,04:40 PM,-5,13,13,13,2,73,28,0.0,1020,13,10,344,1,california
2021-12-02 12:00:00,21,11,0.0,7.0,5,14,04:42 AM,03:32 PM,06:43 AM,04:40 PM,-6,19,19,19,3,14,18,0.0,1019,19,10,85,2,california
2021-12-02 15:00:00,21,11,0.0,7.0,5,14,04:42 AM,03:32 PM,06:43 AM,04:40 PM,-6,21,21,21,5,9,16,0.0,1016,21,10,161,4,california
2021-12-02 18:00:00,21,11,0.0,7.0,5,14,04:42 AM,03:32 PM,06:43 AM,04:40 PM,-5,17,17,17,13,33,21,0.0,1016,17,10,190,6,california
2021-12-02 21:00:00,21,11,0.0,7.0,5,14,04:42 AM,03:32 PM,06:43 AM,04:40 PM,-4,15,15,15,14,17,26,0.0,1017,15,10,236,7,california
2021-12-03 00:00:00,21,10,0.0,8.7,5,7,05:59 AM,04:15 PM,06:44 AM,04:40 PM,-7,13,13,13,9,0,24,0.0,1019,13,10,256,4,california
2021-12-03 03:00:00,21,10,0.0,8.7,5,7,05:59 AM,04:15 PM,06:44 AM,04:40 PM,-8,11,11,11,8,0,27,0.0,1018,11,10,261,4,california
2021-12-03 06:00:00,21,10,0.0,8.7,5,7,05:59 AM,04:15 PM,06:44 AM,04:40 PM,-7,10,10,10,7,0,30,0.0,1018,10,10,273,3,california
2021-12-03 09:00:00,21,10,0.0,8.7,5,7,05:59 AM,04:15 PM,06:44 AM,04:40 PM,-5,12,12,12,4,0,30,0.0,1019,12,10,298,2,california
2021-12-03 12:00:00,21,10,0.0,8.7,5,7,05:59 AM,04:15 PM,06:44 AM,04:40 PM,-4,19,19,19,3,0,20,0.0,1019,19,10,125,3,california
2021-12-03 15:00:00,21,10,0.0,8.7,5,7,05:59 AM,04:15 PM,06:44 AM,04:40 PM,-4,21,22,21,5,0,19,0.0,1016,21,10,137,4,california
2021-12-03 18:00:00,21,10,0.0,8.7,5,7,05:59 AM,04:15 PM,06:44 AM,04:40 PM,-2,18,18,18,5,0,26,0.0,1016,18,10,179,3,california
2021-12-03 21:00:00,21,10,0.0,8.7,5,7,05:59 AM,04:15 PM,06:44 AM,04:40 PM,-3,14,14,14,19,0,31,0.0,1018,14,10,270,9,california
2021-12-04 00:00:00,21,9,0.0,8.7,5,0,07:15 AM,05:08 PM,06:45 AM,04:40 PM,-2,12,12,12,16,0,39,0.0,1018,12,10,277,8,california
2021-12-04 03:00:00,21,9,0.0,8.7,5,0,07:15 AM,05:08 PM,06:45 AM,04:40 PM,-2,9,10,9,12,0,43,0.0,1018,10,10,286,6,california
2021-12-04 06:00:00,21,9,0.0,8.7,5,0,07:15 AM,05:08 PM,06:45 AM,04:40 PM,-2,9,9,9,10,0,47,0.0,1018,9,10,292,5,california
2021-12-04 09:00:00,21,9,0.0,8.7,5,0,07:15 AM,05:08 PM,06:45 AM,04:40 PM,-1,11,11,11,10,0,44,0.0,1019,11,10,296,5,california
2021-12-04 12:00:00,21,9,0.0,8.7,5,0,07:15 AM,05:08 PM,06:45 AM,04:40 PM,-0,18,18,18,2,0,29,0.0,1019,18,10,59,1,california
2021-12-04 15:00:00,21,9,0.0,8.7,5,0,07:15 AM,05:08 PM,06:45 AM,04:40 PM,-1,21,21,21,5,0,23,0.0,1016,21,10,186,5,california
2021-12-04 18:00:00,21,9,0.0,8.7,5,0,07:15 AM,05:08 PM,06:45 AM,04:40 PM,2,18,18,18,12,0,33,0.0,1017,18,10,275,9,california
2021-12-04 21:00:00,21,9,0.0,8.7,5,0,07:15 AM,05:08 PM,06:45 AM,04:40 PM,1,11,12,11,25,0,45,0.0,1020,12,10,293,13,california
2021-12-05 00:00:00,21,8,0.0,8.7,4,7,08:28 AM,06:10 PM,06:46 AM,04:40 PM,-0,10,11,10,19,0,46,0.0,1020,11,10,288,9,california
2021-12-05 03:00:00,21,8,0.0,8.7,4,7,08:28 AM,06:10 PM,06:46 AM,04:40 PM,-1,8,9,8,18,0,49,0.0,1019,9,10,287,9,california
2021-12-05 06:00:00,21,8,0.0,8.7,4,7,08:28 AM,06:10 PM,06:46 AM,04:40 PM,-2,7,8,7,15,0,51,0.0,1019,8,10,276,7,california
2021-12-05 09:00:00,21,8,0.0,8.7,4,7,08:28 AM,06:10 PM,06:46 AM,04:40 PM,-2,9,10,9,13,0,45,0.0,1020,10,10,293,6,california
2021-12-05 12:00:00,21,8,0.0,8.7,4,7,08:28 AM,06:10 PM,06:46 AM,04:40 PM,-1,18,18,18,3,0,28,0.0,1018,18,10,157,3,california
2021-12-05 15:00:00,21,8,0.0,8.7,4,7,08:28 AM,06:10 PM,06:46 AM,04:40 PM,-1,21,21,21,6,0,23,0.0,1015,21,10,148,5,california
2021-12-05 18:00:00,21,8,0.0,8.7,4,7,08:28 AM,06:10 PM,06:46 AM,04:40 PM,1,18,18,18,6,0,33,0.0,1016,18,10,230,4,california
2021-12-05 21:00:00,21,8,0.0,8.7,4,7,08:28 AM,06:10 PM,06:46 AM,04:40 PM,-1,13,13,13,12,0,38,0.0,1017,13,10,283,6,california
2021-12-06 00:00:00,19,10,0.0,7.0,5,13,09:34 AM,07:19 PM,06:46 AM,04:40 PM,-1,13,13,13,10,0,38,0.0,1018,13,10,291,5,california
2021-12-06 03:00:00,19,10,0.0,7.0,5,13,09:34 AM,07:19 PM,06:46 AM,04:40 PM,-3,11,11,11,5,0,38,0.0,1017,11,10,269,3,california
2021-12-06 06:00:00,19,10,0.0,7.0,5,13,09:34 AM,07:19 PM,06:46 AM,04:40 PM,-4,10,10,10,5,0,37,0.0,1017,10,10,253,3,california
2021-12-06 09:00:00,19,10,0.0,7.0,5,13,09:34 AM,07:19 PM,06:46 AM,04:40 PM,-4,12,12,12,8,0,32,0.0,1016,12,10,237,4,california
2021-12-06 12:00:00,19,10,0.0,7.0,5,13,09:34 AM,07:19 PM,06:46 AM,04:40 PM,-5,19,19,19,14,96,20,0.0,1014,19,10,201,11,california
2021-12-06 15:00:00,19,10,0.0,7.0,5,13,09:34 AM,07:19 PM,06:46 AM,04:40 PM,-3,19,19,19,34,30,22,0.0,1009,19,10,255,27,california
2021-12-06 18:00:00,19,10,0.0,7.0,5,13,09:34 AM,07:19 PM,06:46 AM,04:40 PM,2,13,15,13,41,12,40,0.0,1008,15,10,234,33,california
2021-12-06 21:00:00,19,10,0.0,7.0,5,13,09:34 AM,07:19 PM,06:46 AM,04:40 PM,1,10,13,10,41,3,45,0.0,1008,13,10,237,28,california
2021-12-07 00:00:00,20,8,0.0,8.7,4,20,10:28 AM,08:30 PM,06:47 AM,04:40 PM,3,11,12,11,14,49,52,0.0,1013,12,10,297,9,california
2021-12-07 03:00:00,20,8,0.0,8.7,4,20,10:28 AM,08:30 PM,06:47 AM,04:40 PM,2,9,10,9,15,5,59,0.0,1012,10,10,299,7,california
2021-12-07 06:00:00,20,8,0.0,8.7,4,20,10:28 AM,08:30 PM,06:47 AM,04:40 PM,1,8,8,8,11,4,61,0.0,1012,8,10,289,5,california
2021-12-07 09:00:00,20,8,0.0,8.7,4,20,10:28 AM,08:30 PM,06:47 AM,04:40 PM,1,10,10,10,6,5,53,0.0,1014,10,10,288,3,california
2021-12-07 12:00:00,20,8,0.0,8.7,4,20,10:28 AM,08:30 PM,06:47 AM,04:40 PM,1,16,16,16,4,2,36,0.0,1014,16,10,186,4,california
2021-12-07 15:00:00,20,8,0.0,8.7,4,20,10:28 AM,08:30 PM,06:47 AM,04:40 PM,0,20,20,20,9,2,27,0.0,1011,20,10,170,8,california
2021-12-07 18:00:00,20,8,0.0,8.7,4,20,10:28 AM,08:30 PM,06:47 AM,04:40 PM,2,18,18,18,11,0,34,0.0,1011,18,10,211,10,california
2021-12-07 21:00:00,20,8,0.0,8.7,4,20,10:28 AM,08:30 PM,06:47 AM,04:40 PM,2,11,12,11,21,0,51,0.0,1012,12,10,265,11,california
2021-12-08 00:00:00,17,8,0.0,8.7,4,27,11:13 AM,09:41 PM,06:48 AM,04:40 PM,5,9,9,9,2,45,74,0.0,1017,9,10,240,1,california
2021-12-08 03:00:00,17,8,0.0,8.7,4,27,11:13 AM,09:41 PM,06:48 AM,04:40 PM,4,7,8,7,8,20,77,0.0,1017,8,10,279,4,california
2021-12-08 06:00:00,17,8,0.0,8.7,4,27,11:13 AM,09:41 PM,06:48 AM,04:40 PM,4,6,8,6,16,14,76,0.0,1016,8,10,230,8,california
2021-12-08 09:00:00,17,8,0.0,8.7,4,27,11:13 AM,09:41 PM,06:48 AM,04:40 PM,3,7,8,7,13,9,70,0.0,1017,8,10,216,7,california
2021-12-08 12:00:00,17,8,0.0,8.7,4,27,11:13 AM,09:41 PM,06:48 AM,04:40 PM,4,14,15,14,17,7,48,0.0,1014,15,10,229,14,california
2021-12-08 15:00:00,17,8,0.0,8.7,4,27,11:13 AM,09:41 PM,06:48 AM,04:40 PM,4,17,17,17,33,8,44,0.0,1012,17,10,247,29,california
2021-12-08 18:00:00,17,8,0.0,8.7,4,27,11:13 AM,09:41 PM,06:48 AM,04:40 PM,6,11,13,11,30,32,60,0.0,1012,13,10,237,23,california
2021-12-08 21:00:00,17,8,0.0,8.7,4,27,11:13 AM,09:41 PM,06:48 AM,04:40 PM,5,7,10,7,33,3,73,0.0,1014,10,10,244,21,california
2021-12-09 00:00:00,9,5,0.0,7.0,3,34,11:49 AM,10:47 PM,06:49 AM,04:40 PM,6,7,10,7,37,18,75,0.0,1011,10,10,231,25,california
2021-12-09 03:00:00,9,5,0.0,7.0,3,34,11:49 AM,10:47 PM,06:49 AM,04:40 PM,5,5,9,5,47,24,77,0.0,1010,9,10,228,28,california
2021-12-09 06:00:00,9,5,0.0,7.0,3,34,11:49 AM,10:47 PM,06:49 AM,04:40 PM,5,5,9,5,42,42,77,0.0,1009,9,10,225,28,california
2021-12-09 09:00:00,9,5,0.0,7.0,3,34,11:49 AM,10:47 PM,06:49 AM,04:40 PM,4,5,8,5,33,71,78,0.1,1009,8,10,239,23,california
2021-12-09 12:00:00,9,5,0.0,7.0,3,34,11:49 AM,10:47 PM,06:49 AM,04:40 PM,2,4,8,4,28,57,67,0.1,1010,8,10,249,24,california
2021-12-09 15:00:00,9,5,0.0,7.0,3,34,11:49 AM,10:47 PM,06:49 AM,04:40 PM,1,4,8,4,29,10,64,0.0,1009,8,10,257,25,california
2021-12-09 18:00:00,9,5,0.0,7.0,3,34,11:49 AM,10:47 PM,06:49 AM,04:40 PM,2,4,7,4,26,5,68,0.0,1009,7,10,253,22,california
2021-12-09 21:00:00,9,5,0.0,7.0,3,34,11:49 AM,10:47 PM,06:49 AM,04:40 PM,0,2,5,2,27,5,69,0.0,1011,5,10,246,18,california
2021-12-10 00:00:00,10,3,0.0,8.7,3,40,12:20 PM,11:50 PM,06:50 AM,04:40 PM,1,2,5,2,18,0,73,0.0,1016,5,10,272,11,california
2021-12-10 03:00:00,10,3,0.0,8.7,3,40,12:20 PM,11:50 PM,06:50 AM,04:40 PM,-1,1,3,1,17,0,73,0.0,1017,3,10,289,9,california
2021-12-10 06:00:00,10,3,0.0,8.7,3,40,12:20 PM,11:50 PM,06:50 AM,04:40 PM,-2,1,3,1,16,3,73,0.0,1018,3,10,314,8,california
2021-12-10 09:00:00,10,3,0.0,8.7,3,40,12:20 PM,11:50 PM,06:50 AM,04:40 PM,-2,3,4,3,6,12,66,0.0,1021,4,10,311,4,california
2021-12-10 12:00:00,10,3,0.0,8.7,3,40,12:20 PM,11:50 PM,06:50 AM,04:40 PM,-3,7,8,7,8,31,47,0.0,1021,8,10,50,6,california
2021-12-10 15:00:00,10,3,0.0,8.7,3,40,12:20 PM,11:50 PM,06:50 AM,04:40 PM,-2,10,10,10,8,14,43,0.0,1020,10,10,78,7,california
2021-12-10 18:00:00,10,3,0.0,8.7,3,40,12:20 PM,11:50 PM,06:50 AM,04:40 PM,-1,9,9,9,1,12,51,0.0,1020,9,10,55,0,california
2021-12-10 21:00:00,10,3,0.0,8.7,3,40,12:20 PM,11:50 PM,06:50 AM,04:40 PM,-2,6,7,6,12,6,53,0.0,1022,7,10,44,6,california
2021-12-11 00:00:00,14,4,0.0,7.0,3,47,12:48 PM,No moonset,06:50 AM,04:40 PM,-2,5,6,5,9,3,58,0.0,1021,6,10,5,4,california
2021-12-11 03:00:00,14,4,0.0,7.0,3,47,12:48 PM,No moonset,06:50 AM,04:40 PM,-2,5,5,5,4,12,64,0.0,1020,5,10,16,2,california
2021-12-11 06:00:00,14,4,0.0,7.0,3,47,12:48 PM,No moonset,06:50 AM,04:40 PM,-2,4,4,4,4,9,69,0.0,1020,4,10,3,2,california
2021-12-11 09:00:00,14,4,0.0,7.0,3,47,12:48 PM,No moonset,06:50 AM,04:40 PM,-1,6,6,6,2,64,61,0.0,1022,6,10,63,1,california
2021-12-11 12:00:00,14,4,0.0,7.0,3,47,12:48 PM,No moonset,06:50 AM,04:40 PM,-1,10,10,10,2,10,46,0.0,1020,10,10,140,2,california
2021-12-11 15:00:00,14,4,0.0,7.0,3,47,12:48 PM,No moonset,06:50 AM,04:40 PM,-1,14,14,14,9,0,36,0.0,1016,14,10,181,8,california
2021-12-11 18:00:00,14,4,0.0,7.0,3,47,12:48 PM,No moonset,06:50 AM,04:40 PM,-0,12,13,12,13,0,41,0.0,1016,13,10,178,11,california
2021-12-11 21:00:00,14,4,0.0,7.0,3,47,12:48 PM,No moonset,06:50 AM,04:40 PM,-2,7,8,7,17,0,47,0.0,1017,8,10,226,9,california
2021-12-12 00:00:00,16,4,0.0,8.7,3,54,01:14 PM,12:50 AM,06:51 AM,04:40 PM,-4,6,7,6,9,1,47,0.0,1019,7,10,224,4,california
2021-12-12 03:00:00,16,4,0.0,8.7,3,54,01:14 PM,12:50 AM,06:51 AM,04:40 PM,-5,4,5,4,10,0,49,0.0,1018,5,10,215,5,california
2021-12-12 06:00:00,16,4,0.0,8.7,3,54,01:14 PM,12:50 AM,06:51 AM,04:40 PM,-5,4,4,4,5,0,54,0.0,1017,4,10,215,3,california
2021-12-12 09:00:00,16,4,0.0,8.7,3,54,01:14 PM,12:50 AM,06:51 AM,04:40 PM,-4,5,5,5,4,0,51,0.0,1018,5,10,171,2,california
2021-12-12 12:00:00,16,4,0.0,8.7,3,54,01:14 PM,12:50 AM,06:51 AM,04:40 PM,-3,12,12,12,5,0,35,0.0,1017,12,10,180,5,california
2021-12-12 15:00:00,16,4,0.0,8.7,3,54,01:14 PM,12:50 AM,06:51 AM,04:40 PM,-4,16,16,16,14,0,25,0.0,1013,16,10,181,12,california
2021-12-12 18:00:00,16,4,0.0,8.7,3,54,01:14 PM,12:50 AM,06:51 AM,04:40 PM,-3,11,13,11,23,3,34,0.0,1012,13,10,215,17,california
2021-12-12 21:00:00,16,4,0.0,8.7,3,54,01:14 PM,12:50 AM,06:51 AM,04:40 PM,-2,6,9,6,27,6,46,0.0,1014,9,10,229,14,california
2021-12-13 00:00:00,14,4,0.0,8.7,3,61,01:39 PM,01:48 AM,06:52 AM,04:41 PM,-5,5,7,5,19,1,43,0.0,1015,7,10,214,9,california
2021-12-13 03:00:00,14,4,0.0,8.7,3,61,01:39 PM,01:48 AM,06:52 AM,04:41 PM,-5,3,5,3,18,2,51,0.0,1016,5,10,202,9,california
2021-12-13 06:00:00,14,4,0.0,8.7,3,61,01:39 PM,01:48 AM,06:52 AM,04:41 PM,-4,1,4,1,22,48,57,0.0,1016,4,10,204,10,california
2021-12-13 09:00:00,14,4,0.0,8.7,3,61,01:39 PM,01:48 AM,06:52 AM,04:41 PM,-2,3,6,3,21,50,56,0.0,1017,6,10,210,13,california
2021-12-13 12:00:00,14,4,0.0,8.7,3,61,01:39 PM,01:48 AM,06:52 AM,04:41 PM,-2,7,11,7,36,44,42,0.0,1016,11,10,210,30,california
2021-12-13 15:00:00,14,4,0.0,8.7,3,61,01:39 PM,01:48 AM,06:52 AM,04:41 PM,1,11,14,11,43,0,43,0.0,1013,14,10,217,37,california
2021-12-13 18:00:00,14,4,0.0,8.7,3,61,01:39 PM,01:48 AM,06:52 AM,04:41 PM,5,7,11,7,42,0,66,0.0,1015,11,10,231,37,california
2021-12-13 21:00:00,14,4,0.0,8.7,3,61,01:39 PM,01:48 AM,06:52 AM,04:41 PM,3,3,7,3,49,0,74,0.0,1016,7,10,229,33,california
2021-12-14 00:00:00,9,3,0.0,3.7,3,68,02:05 PM,02:45 AM,06:52 AM,04:41 PM,4,3,8,3,43,50,79,0.0,1015,8,10,233,31,california
2021-12-14 03:00:00,9,3,0.0,3.7,3,68,02:05 PM,02:45 AM,06:52 AM,04:41 PM,4,4,7,4,22,100,79,0.1,1013,7,10,234,15,california
2021-12-14 06:00:00,9,3,0.0,3.7,3,68,02:05 PM,02:45 AM,06:52 AM,04:41 PM,5,4,6,4,17,100,90,1.3,1011,6,9,187,12,california
2021-12-14 09:00:00,9,3,0.0,3.7,3,68,02:05 PM,02:45 AM,06:52 AM,04:41 PM,5,4,8,4,35,100,86,1.0,1009,8,9,184,22,california
2021-12-14 12:00:00,9,3,0.0,3.7,3,68,02:05 PM,02:45 AM,06:52 AM,04:41 PM,7,5,9,5,70,100,86,1.0,1006,9,9,202,53,california
2021-12-14 15:00:00,9,3,0.0,3.7,3,68,02:05 PM,02:45 AM,06:52 AM,04:41 PM,0,1,5,1,25,99,70,2.2,1006,5,9,278,18,california
2021-12-14 18:00:00,9,3,0.0,3.7,3,68,02:05 PM,02:45 AM,06:52 AM,04:41 PM,0,-0,4,-0,28,84,74,0.0,1008,4,10,243,23,california
2021-12-14 21:00:00,9,3,0.0,3.7,3,68,02:05 PM,02:45 AM,06:52 AM,04:41 PM,-3,-3,3,-3,51,0,66,0.0,1011,3,10,271,38,california
2021-12-15 00:00:00,6,-0,0.0,8.7,2,74,02:33 PM,03:43 AM,06:53 AM,04:41 PM,-4,-3,2,-3,32,4,64,0.0,1018,2,10,243,22,california
2021-12-15 03:00:00,6,-0,0.0,8.7,2,74,02:33 PM,03:43 AM,06:53 AM,04:41 PM,-4,-5,-0,-5,33,2,73,0.0,1020,-0,10,259,20,california
2021-12-15 06:00:00,6,-0,0.0,8.7,2,74,02:33 PM,03:43 AM,06:53 AM,04:41 PM,-5,-5,-0,-5,27,10,68,0.0,1022,-0,10,281,17,california
2021-12-15 09:00:00,6,-0,0.0,8.7,2,74,02:33 PM,03:43 AM,06:53 AM,04:41 PM,-7,-2,1,-2,10,21,59,0.0,1025,1,10,314,7,california
2021-12-15 12:00:00,6,-0,0.0,8.7,2,74,02:33 PM,03:43 AM,06:53 AM,04:41 PM,-8,2,4,2,8,32,41,0.0,1025,4,10,345,6,california
2021-12-15 15:00:00,6,-0,0.0,8.7,2,74,02:33 PM,03:43 AM,06:53 AM,04:41 PM,-9,6,6,6,1,33,34,0.0,1022,6,10,246,1,california
2021-12-15 18:00:00,6,-0,0.0,8.7,2,74,02:33 PM,03:43 AM,06:53 AM,04:41 PM,-5,6,6,6,4,2,44,0.0,1022,6,10,208,4,california
2021-12-15 21:00:00,6,-0,0.0,8.7,2,74,02:33 PM,03:43 AM,06:53 AM,04:41 PM,-5,2,3,2,9,3,53,0.0,1024,3,10,263,5,california
2021-12-16 00:00:00,9,2,0.0,8.7,3,81,03:05 PM,04:40 AM,06:54 AM,04:42 PM,-7,1,3,1,9,5,50,0.0,1023,3,10,260,5,california
2021-12-16 03:00:00,9,2,0.0,8.7,3,81,03:05 PM,04:40 AM,06:54 AM,04:42 PM,-8,-0,2,-0,13,10,47,0.0,1022,2,10,236,7,california
2021-12-16 06:00:00,9,2,0.0,8.7,3,81,03:05 PM,04:40 AM,06:54 AM,04:42 PM,-7,-1,2,-1,21,23,51,0.0,1020,2,10,250,10,california
2021-12-16 09:00:00,9,2,0.0,8.7,3,81,03:05 PM,04:40 AM,06:54 AM,04:42 PM,-2,1,4,1,24,23,65,0.0,1019,4,10,247,13,california
2021-12-16 12:00:00,9,2,0.0,8.7,3,81,03:05 PM,04:40 AM,06:54 AM,04:42 PM,1,7,8,7,6,37,62,0.0,1019,8,10,265,5,california
2021-12-16 15:00:00,9,2,0.0,8.7,3,81,03:05 PM,04:40 AM,06:54 AM,04:42 PM,2,8,9,8,7,37,62,0.0,1017,9,10,325,6,california
2021-12-16 18:00:00,9,2,0.0,8.7,3,81,03:05 PM,04:40 AM,06:54 AM,04:42 PM,2,7,8,7,8,38,68,0.0,1017,8,10,354,6,california
2021-12-16 21:00:00,9,2,0.0,8.7,3,81,03:05 PM,04:40 AM,06:54 AM,04:42 PM,1,6,7,6,11,23,64,0.0,1019,7,10,11,8,california
2021-12-17 00:00:00,12,3,0.0,8.7,3,88,03:41 PM,05:39 AM,06:54 AM,04:42 PM,0,3,6,3,17,15,69,0.0,1021,6,10,18,9,california
2021-12-17 03:00:00,12,3,0.0,8.7,3,88,03:41 PM,05:39 AM,06:54 AM,04:42 PM,-1,2,4,2,17,6,69,0.0,1021,4,10,22,9,california
2021-12-17 06:00:00,12,3,0.0,8.7,3,88,03:41 PM,05:39 AM,06:54 AM,04:42 PM,-2,1,3,1,21,4,67,0.0,1021,3,10,22,10,california
2021-12-17 09:00:00,12,3,0.0,8.7,3,88,03:41 PM,05:39 AM,06:54 AM,04:42 PM,-5,1,4,1,17,2,55,0.0,1024,4,10,20,9,california
2021-12-17 12:00:00,12,3,0.0,8.7,3,88,03:41 PM,05:39 AM,06:54 AM,04:42 PM,-4,8,10,8,16,0,39,0.0,1023,10,10,46,14,california
2021-12-17 15:00:00,12,3,0.0,8.7,3,88,03:41 PM,05:39 AM,06:54 AM,04:42 PM,-4,10,12,10,17,0,33,0.0,1021,12,10,55,15,california
2021-12-17 18:00:00,12,3,0.0,8.7,3,88,03:41 PM,05:39 AM,06:54 AM,04:42 PM,-2,10,11,10,10,0,39,0.0,1021,11,10,65,9,california
2021-12-17 21:00:00,12,3,0.0,8.7,3,88,03:41 PM,05:39 AM,06:54 AM,04:42 PM,-5,5,7,5,15,0,42,0.0,1024,7,10,51,8,california
2021-12-18 00:00:00,11,2,0.0,8.7,3,95,04:22 PM,06:36 AM,06:55 AM,04:42 PM,-7,3,5,3,17,0,43,0.0,1026,5,10,37,9,california
2021-12-18 03:00:00,11,2,0.0,8.7,3,95,04:22 PM,06:36 AM,06:55 AM,04:42 PM,-8,2,4,2,14,0,43,0.0,1026,4,10,27,7,california
2021-12-18 06:00:00,11,2,0.0,8.7,3,95,04:22 PM,06:36 AM,06:55 AM,04:42 PM,-9,0,2,0,14,0,44,0.0,1026,2,10,3,7,california
2021-12-18 09:00:00,11,2,0.0,8.7,3,95,04:22 PM,06:36 AM,06:55 AM,04:42 PM,-9,2,4,2,13,0,39,0.0,1027,4,10,10,7,california
2021-12-18 12:00:00,11,2,0.0,8.7,3,95,04:22 PM,06:36 AM,06:55 AM,04:42 PM,-9,9,10,9,9,0,27,0.0,1026,10,10,53,8,california
2021-12-18 15:00:00,11,2,0.0,8.7,3,95,04:22 PM,06:36 AM,06:55 AM,04:42 PM,-10,10,11,10,10,3,22,0.0,1022,11,10,48,9,california
2021-12-18 18:00:00,11,2,0.0,8.7,3,95,04:22 PM,06:36 AM,06:55 AM,04:42 PM,-8,9,9,9,10,4,29,0.0,1021,9,10,47,6,california
2021-12-18 21:00:00,11,2,0.0,8.7,3,95,04:22 PM,06:36 AM,06:55 AM,04:42 PM,-9,5,7,5,17,4,32,0.0,1022,7,10,15,8,california
2021-12-19 00:00:00,13,3,0.0,8.7,3,100,05:10 PM,07:31 AM,06:56 AM,04:43 PM,-9,5,6,5,13,4,34,0.0,1022,6,10,15,6,california
2021-12-19 03:00:00,13,3,0.0,8.7,3,100,05:10 PM,07:31 AM,06:56 AM,04:43 PM,-10,3,4,3,11,6,34,0.0,1021,4,10,18,5,california
2021-12-19 06:00:00,13,3,0.0,8.7,3,100,05:10 PM,07:31 AM,06:56 AM,04:43 PM,-11,2,3,2,10,8,35,0.0,1020,3,10,28,5,california
2021-12-19 09:00:00,13,3,0.0,8.7,3,100,05:10 PM,07:31 AM,06:56 AM,04:43 PM,-10,4,5,4,10,9,35,0.0,1021,5,10,9,5,california
2021-12-19 12:00:00,13,3,0.0,8.7,3,100,05:10 PM,07:31 AM,06:56 AM,04:43 PM,-10,10,10,10,3,6,23,0.0,1021,10,10,77,3,california
2021-12-19 15:00:00,13,3,0.0,8.7,3,100,05:10 PM,07:31 AM,06:56 AM,04:43 PM,-9,13,13,13,4,0,21,0.0,1018,13,10,161,4,california
2021-12-19 18:00:00,13,3,0.0,8.7,3,100,05:10 PM,07:31 AM,06:56 AM,04:43 PM,-6,11,11,11,5,0,31,0.0,1018,11,10,98,4,california
2021-12-19 21:00:00,13,3,0.0,8.7,3,100,05:10 PM,07:31 AM,06:56 AM,04:43 PM,-8,7,7,7,5,4,32,0.0,1020,7,10,0,2,california
2021-12-20 00:00:00,12,4,0.0,7.0,3,92,06:03 PM,08:22 AM,06:56 AM,04:43 PM,-10,6,6,6,8,10,30,0.0,1021,6,10,0,4,california
2021-12-20 03:00:00,12,4,0.0,7.0,3,92,06:03 PM,08:22 AM,06:56 AM,04:43 PM,-11,4,5,4,10,0,30,0.0,1021,5,10,3,5,california
2021-12-20 06:00:00,12,4,0.0,7.0,3,92,06:03 PM,08:22 AM,06:56 AM,04:43 PM,-12,3,4,3,14,100,30,0.0,1020,4,10,9,7,california
2021-12-20 09:00:00,12,4,0.0,7.0,3,92,06:03 PM,08:22 AM,06:56 AM,04:43 PM,-11,4,6,4,14,67,29,0.0,1022,6,10,11,7,california
2021-12-20 12:00:00,12,4,0.0,7.0,3,92,06:03 PM,08:22 AM,06:56 AM,04:43 PM,-11,10,10,10,7,47,21,0.0,1022,10,10,37,5,california
2021-12-20 15:00:00,12,4,0.0,7.0,3,92,06:03 PM,08:22 AM,06:56 AM,04:43 PM,-11,11,12,11,8,7,19,0.0,1019,12,10,60,6,california
2021-12-20 18:00:00,12,4,0.0,7.0,3,92,06:03 PM,08:22 AM,06:56 AM,04:43 PM,-9,10,10,10,8,100,26,0.0,1019,10,10,43,4,california
2021-12-20 21:00:00,12,4,0.0,7.0,3,92,06:03 PM,08:22 AM,06:56 AM,04:43 PM,-10,7,8,7,13,22,27,0.0,1020,8,10,357,6,california
2021-12-21 00:00:00,13,7,0.0,7.0,3,85,07:00 PM,09:08 AM,06:57 AM,04:44 PM,-10,7,9,7,17,48,26,0.0,1020,9,10,19,9,california
2021-12-21 03:00:00,13,7,0.0,7.0,3,85,07:00 PM,09:08 AM,06:57 AM,04:44 PM,-11,6,7,6,16,70,27,0.0,1020,7,10,10,8,california
2021-12-21 06:00:00,13,7,0.0,7.0,3,85,07:00 PM,09:08 AM,06:57 AM,04:44 PM,-10,6,7,6,10,15,29,0.0,1019,7,10,47,5,california
2021-12-21 09:00:00,13,7,0.0,7.0,3,85,07:00 PM,09:08 AM,06:57 AM,04:44 PM,-10,7,7,7,9,99,29,0.0,1020,7,10,355,4,california
2021-12-21 12:00:00,13,7,0.0,7.0,3,85,07:00 PM,09:08 AM,06:57 AM,04:44 PM,-11,11,11,11,6,33,21,0.0,1020,11,10,165,5,california
2021-12-21 15:00:00,13,7,0.0,7.0,3,85,07:00 PM,09:08 AM,06:57 AM,04:44 PM,-11,12,13,12,13,17,18,0.0,1017,13,10,191,11,california
2021-12-21 18:00:00,13,7,0.0,7.0,3,85,07:00 PM,09:08 AM,06:57 AM,04:44 PM,-8,10,11,10,17,34,25,0.0,1017,11,10,171,9,california
2021-12-21 21:00:00,13,7,0.0,7.0,3,85,07:00 PM,09:08 AM,06:57 AM,04:44 PM,-8,9,10,9,16,47,28,0.0,1018,10,10,204,8,california
2021-12-22 00:00:00,15,7,0.0,7.0,4,78,08:00 PM,09:49 AM,06:57 AM,04:44 PM,-10,8,8,8,6,13,27,0.0,1019,8,10,204,3,california
2021-12-22 03:00:00,15,7,0.0,7.0,4,78,08:00 PM,09:49 AM,06:57 AM,04:44 PM,-11,8,8,8,7,22,25,0.0,1018,8,10,205,3,california
2021-12-22 06:00:00,15,7,0.0,7.0,4,78,08:00 PM,09:49 AM,06:57 AM,04:44 PM,-12,7,7,7,4,15,25,0.0,1017,7,10,199,2,california
2021-12-22 09:00:00,15,7,0.0,7.0,4,78,08:00 PM,09:49 AM,06:57 AM,04:44 PM,-10,8,8,8,9,22,26,0.0,1018,8,10,198,4,california
2021-12-22 12:00:00,15,7,0.0,7.0,4,78,08:00 PM,09:49 AM,06:57 AM,04:44 PM,-9,13,14,13,8,46,20,0.0,1017,14,10,186,6,california
2021-12-22 15:00:00,15,7,0.0,7.0,4,78,08:00 PM,09:49 AM,06:57 AM,04:44 PM,-1,14,15,14,20,70,33,0.0,1014,15,10,236,13,california
2021-12-22 18:00:00,15,7,0.0,7.0,4,78,08:00 PM,09:49 AM,06:57 AM,04:44 PM,0,12,13,12,18,100,42,0.0,1014,13,10,213,12,california
2021-12-22 21:00:00,15,7,0.0,7.0,4,78,08:00 PM,09:49 AM,06:57 AM,04:44 PM,3,10,10,10,10,62,62,0.2,1015,10,5,175,7,california
2021-12-23 00:00:00,11,10,0.0,5.4,3,72,09:00 PM,10:24 AM,06:58 AM,04:45 PM,3,12,13,12,18,89,53,0.0,1015,13,10,227,10,california
2021-12-23 03:00:00,11,10,0.0,5.4,3,72,09:00 PM,10:24 AM,06:58 AM,04:45 PM,3,10,12,10,28,48,54,0.0,1013,12,10,233,15,california
2021-12-23 06:00:00,11,10,0.0,5.4,3,72,09:00 PM,10:24 AM,06:58 AM,04:45 PM,5,9,11,9,32,89,64,0.0,1012,11,10,224,19,california
2021-12-23 09:00:00,11,10,0.0,5.4,3,72,09:00 PM,10:24 AM,06:58 AM,04:45 PM,6,7,11,7,58,100,75,0.0,1012,11,10,224,36,california
2021-12-23 12:00:00,11,10,0.0,5.4,3,72,09:00 PM,10:24 AM,06:58 AM,04:45 PM,7,6,10,6,53,95,83,0.0,1013,10,10,220,36,california
2021-12-23 15:00:00,11,10,0.0,5.4,3,72,09:00 PM,10:24 AM,06:58 AM,04:45 PM,8,8,11,8,54,52,78,0.0,1010,11,10,218,41,california
2021-12-23 18:00:00,11,10,0.0,5.4,3,72,09:00 PM,10:24 AM,06:58 AM,04:45 PM,8,7,10,7,46,47,86,0.0,1010,10,10,215,36,california
2021-12-23 21:00:00,11,10,0.0,5.4,3,72,09:00 PM,10:24 AM,06:58 AM,04:45 PM,7,8,10,8,33,77,82,0.3,1012,10,9,224,23,california
2021-12-24 00:00:00,14,9,0.0,7.0,3,65,10:01 PM,10:56 AM,06:58 AM,04:46 PM,8,8,11,8,36,100,84,0.0,1011,11,10,215,27,california
2021-12-24 03:00:00,14,9,0.0,7.0,3,65,10:01 PM,10:56 AM,06:58 AM,04:46 PM,8,7,10,7,43,89,85,0.3,1009,10,2,222,28,california
2021-12-24 06:00:00,14,9,0.0,7.0,3,65,10:01 PM,10:56 AM,06:58 AM,04:46 PM,7,6,10,6,46,63,86,0.4,1008,10,5,221,30,california
2021-12-24 09:00:00,14,9,0.0,7.0,3,65,10:01 PM,10:56 AM,06:58 AM,04:46 PM,7,7,10,7,35,87,82,0.3,1009,10,9,244,22,california
2021-12-24 12:00:00,14,9,0.0,7.0,3,65,10:01 PM,10:56 AM,06:58 AM,04:46 PM,1,11,13,11,35,11,44,0.0,1010,13,10,247,30,california
2021-12-24 15:00:00,14,9,0.0,7.0,3,65,10:01 PM,10:56 AM,06:58 AM,04:46 PM,2,11,14,11,36,15,44,0.0,1010,14,10,246,31,california
2021-12-24 18:00:00,14,9,0.0,7.0,3,65,10:01 PM,10:56 AM,06:58 AM,04:46 PM,4,9,12,9,30,14,60,0.0,1011,12,10,237,25,california
2021-12-24 21:00:00,14,9,0.0,7.0,3,65,10:01 PM,10:56 AM,06:58 AM,04:46 PM,5,6,9,6,27,5,75,0.0,1013,9,10,242,18,california
2021-12-25 00:00:00,11,4,0.0,8.7,3,58,11:03 PM,11:25 AM,06:58 AM,04:46 PM,3,4,7,4,23,0,78,0.0,1015,7,10,243,14,california
2021-12-25 03:00:00,11,4,0.0,8.7,3,58,11:03 PM,11:25 AM,06:58 AM,04:46 PM,2,2,5,2,24,0,80,0.0,1016,5,10,241,13,california
2021-12-25 06:00:00,11,4,0.0,8.7,3,58,11:03 PM,11:25 AM,06:58 AM,04:46 PM,2,2,4,2,21,0,81,0.0,1016,4,10,238,10,california
2021-12-25 09:00:00,11,4,0.0,8.7,3,58,11:03 PM,11:25 AM,06:58 AM,04:46 PM,2,2,5,2,21,0,80,0.0,1017,5,10,223,12,california
2021-12-25 12:00:00,11,4,0.0,8.7,3,58,11:03 PM,11:25 AM,06:58 AM,04:46 PM,3,8,11,8,35,2,58,0.0,1015,11,10,224,30,california
2021-12-25 15:00:00,11,4,0.0,8.7,3,58,11:03 PM,11:25 AM,06:58 AM,04:46 PM,2,8,11,8,40,15,54,0.0,1012,11,10,224,35,california
2021-12-25 18:00:00,11,4,0.0,8.7,3,58,11:03 PM,11:25 AM,06:58 AM,04:46 PM,4,5,9,5,41,28,72,0.0,1013,9,10,222,34,california
2021-12-25 21:00:00,11,4,0.0,8.7,3,58,11:03 PM,11:25 AM,06:58 AM,04:46 PM,4,3,8,3,41,24,76,0.0,1014,8,10,220,33,california
2021-12-26 00:00:00,9,4,0.0,8.7,2,51,No moonrise,11:53 AM,06:59 AM,04:47 PM,3,-1,5,-1,49,94,87,0.3,1013,5,2,220,39,california
2021-12-26 03:00:00,9,4,0.0,8.7,2,51,No moonrise,11:53 AM,06:59 AM,04:47 PM,2,-1,4,-1,36,73,90,0.1,1013,4,10,220,24,california
2021-12-26 06:00:00,9,4,0.0,8.7,2,51,No moonrise,11:53 AM,06:59 AM,04:47 PM,-1,-1,4,-1,45,18,68,0.0,1014,4,10,235,28,california
2021-12-26 09:00:00,9,4,0.0,8.7,2,51,No moonrise,11:53 AM,06:59 AM,04:47 PM,-2,-1,4,-1,33,3,68,0.0,1017,4,10,234,23,california
2021-12-26 12:00:00,9,4,0.0,8.7,2,51,No moonrise,11:53 AM,06:59 AM,04:47 PM,-4,4,7,4,19,3,47,0.0,1018,7,10,257,17,california
2021-12-26 15:00:00,9,4,0.0,8.7,2,51,No moonrise,11:53 AM,06:59 AM,04:47 PM,-3,6,9,6,21,2,44,0.0,1015,9,10,256,18,california
2021-12-26 18:00:00,9,4,0.0,8.7,2,51,No moonrise,11:53 AM,06:59 AM,04:47 PM,0,5,8,5,21,0,56,0.0,1015,8,10,255,18,california
2021-12-26 21:00:00,9,4,0.0,8.7,2,51,No moonrise,11:53 AM,06:59 AM,04:47 PM,-3,-0,4,-0,25,4,64,0.0,1016,4,10,259,16,california
2021-12-27 00:00:00,7,2,0.0,5.4,2,44,12:06 AM,12:20 PM,06:59 AM,04:47 PM,-2,-1,3,-1,30,5,71,0.0,1016,3,10,254,19,california
2021-12-27 03:00:00,7,2,0.0,5.4,2,44,12:06 AM,12:20 PM,06:59 AM,04:47 PM,-2,-2,3,-2,27,9,75,0.0,1015,3,10,232,17,california
2021-12-27 06:00:00,7,2,0.0,5.4,2,44,12:06 AM,12:20 PM,06:59 AM,04:47 PM,-1,-3,2,-3,37,19,79,0.0,1014,2,10,226,23,california
2021-12-27 09:00:00,7,2,0.0,5.4,2,44,12:06 AM,12:20 PM,06:59 AM,04:47 PM,1,-2,3,-2,37,34,85,0.0,1014,3,10,226,26,california
2021-12-27 12:00:00,7,2,0.0,5.4,2,44,12:06 AM,12:20 PM,06:59 AM,04:47 PM,3,1,6,1,35,71,82,0.3,1012,6,5,224,30,california
2021-12-27 15:00:00,7,2,0.0,5.4,2,44,12:06 AM,12:20 PM,06:59 AM,04:47 PM,4,0,6,0,44,92,88,0.5,1008,6,2,221,39,california
2021-12-27 18:00:00,7,2,0.0,5.4,2,44,12:06 AM,12:20 PM,06:59 AM,04:47 PM,3,3,7,3,34,79,77,0.1,1007,7,10,232,28,california
2021-12-27 21:00:00,7,2,0.0,5.4,2,44,12:06 AM,12:20 PM,06:59 AM,04:47 PM,1,1,5,1,30,79,77,0.1,1008,5,10,234,24,california
2021-12-28 00:00:00,5,0,0.0,8.7,2,38,01:11 AM,12:50 PM,06:59 AM,04:48 PM,0,-2,4,-2,37,31,78,0.0,1009,4,10,230,27,california
2021-12-28 03:00:00,5,0,0.0,8.7,2,38,01:11 AM,12:50 PM,06:59 AM,04:48 PM,-3,-4,1,-4,37,12,74,0.0,1008,1,10,242,24,california
2021-12-28 06:00:00,5,0,0.0,8.7,2,38,01:11 AM,12:50 PM,06:59 AM,04:48 PM,-4,-5,0,-5,32,8,74,0.0,1009,0,10,246,19,california
2021-12-28 09:00:00,5,0,0.0,8.7,2,38,01:11 AM,12:50 PM,06:59 AM,04:48 PM,-5,-4,0,-4,27,5,69,0.0,1010,0,10,258,18,california
2021-12-28 12:00:00,5,0,0.0,8.7,2,38,01:11 AM,12:50 PM,06:59 AM,04:48 PM,-5,-1,4,-1,22,8,54,0.0,1010,4,10,274,19,california
2021-12-28 15:00:00,5,0,0.0,8.7,2,38,01:11 AM,12:50 PM,06:59 AM,04:48 PM,-4,1,5,1,23,10,54,0.0,1007,5,10,262,20,california
2021-12-28 18:00:00,5,0,0.0,8.7,2,38,01:11 AM,12:50 PM,06:59 AM,04:48 PM,-3,-1,4,-1,24,20,62,0.0,1008,4,10,254,21,california
2021-12-28 21:00:00,5,0,0.0,8.7,2,38,01:11 AM,12:50 PM,06:59 AM,04:48 PM,-3,-2,2,-2,18,17,70,0.0,1009,2,10,268,13,california
2021-12-29 00:00:00,3,1,2.0,3.6,2,31,02:19 AM,01:24 PM,07:00 AM,04:49 PM,-3,-1,1,-1,15,16,71,0.0,1011,1,10,278,9,california
2021-12-29 03:00:00,3,1,2.0,3.6,2,31,02:19 AM,01:24 PM,07:00 AM,04:49 PM,-3,-1,1,-1,10,27,74,0.0,1011,1,10,284,5,california
2021-12-29 06:00:00,3,1,2.0,3.6,2,31,02:19 AM,01:24 PM,07:00 AM,04:49 PM,-2,1,1,1,5,40,80,0.0,1011,1,10,242,3,california
2021-12-29 09:00:00,3,1,2.0,3.6,2,31,02:19 AM,01:24 PM,07:00 AM,04:49 PM,-2,0,2,0,8,100,78,0.0,1012,2,10,13,5,california
2021-12-29 12:00:00,3,1,2.0,3.6,2,31,02:19 AM,01:24 PM,07:00 AM,04:49 PM,0,0,3,0,12,100,83,0.1,1013,3,10,51,9,california
2021-12-29 15:00:00,3,1,2.0,3.6,2,31,02:19 AM,01:24 PM,07:00 AM,04:49 PM,2,-1,3,-1,15,100,95,0.2,1012,3,5,357,12,california
2021-12-29 18:00:00,3,1,2.0,3.6,2,31,02:19 AM,01:24 PM,07:00 AM,04:49 PM,2,-1,2,-1,18,100,97,1.2,1013,2,2,5,14,california
2021-12-29 21:00:00,3,1,2.0,3.6,2,31,02:19 AM,01:24 PM,07:00 AM,04:49 PM,2,-2,2,-2,21,100,97,0.8,1013,2,2,18,15,california
2021-12-30 00:00:00,1,0,13.5,3.6,1,24,03:31 AM,02:03 PM,07:00 AM,04:50 PM,2,-2,2,-2,18,100,98,2.3,1012,2,2,4,13,california
2021-12-30 03:00:00,1,0,13.5,3.6,1,24,03:31 AM,02:03 PM,07:00 AM,04:50 PM,2,-2,2,-2,18,100,98,2.6,1012,2,2,6,13,california
2021-12-30 06:00:00,1,0,13.5,3.6,1,24,03:31 AM,02:03 PM,07:00 AM,04:50 PM,0,-3,0,-3,18,100,99,3.2,1013,0,2,16,11,california
2021-12-30 09:00:00,1,0,13.5,3.6,1,24,03:31 AM,02:03 PM,07:00 AM,04:50 PM,0,-3,0,-3,17,100,100,3.0,1014,0,2,14,10,california
2021-12-30 12:00:00,1,0,13.5,3.6,1,24,03:31 AM,02:03 PM,07:00 AM,04:50 PM,1,-2,1,-2,15,100,100,1.8,1015,1,2,20,10,california
2021-12-30 15:00:00,1,0,13.5,3.6,1,24,03:31 AM,02:03 PM,07:00 AM,04:50 PM,1,1,1,1,2,100,100,1.3,1013,1,2,24,1,california
2021-12-30 18:00:00,1,0,13.5,3.6,1,24,03:31 AM,02:03 PM,07:00 AM,04:50 PM,1,0,1,0,7,100,100,1.3,1014,1,2,307,5,california
2021-12-30 21:00:00,1,0,13.5,3.6,1,24,03:31 AM,02:03 PM,07:00 AM,04:50 PM,2,-0,2,-0,9,100,100,0.4,1013,2,2,326,6,california
